普通・当座預金残高,継続月数,クレジット履歴,借入目的,クレジット利用額,定期預金残高,勤続年数,可処分所得に占める1回支払い額のパーセンテージ,性別及び婚姻状態,連帯債務者及び保証人,居住年数,資産,年齢,他の分割払い方法,住居形態,カード枚数,職業,扶養人数,電話,外国人労働者,顧客種別
0マルク未満,6,問題履歴あり,テレビ,1169,不明・未開設,7年以上,4,独身男性,なし,4,不動産,67,なし,自己所有,2,専門職,1,有,外国人労働者,優良顧客
200マルク未満,48,延滞なし,テレビ,5951,100マルク未満,1年以上4年未満,2,結婚歴あり女性,なし,2,不動産,22,なし,自己所有,1,専門職,1,無,外国人労働者,不良顧客
口座未開設,12,問題履歴あり,教育費,2096,100マルク未満,4年以上7年未満,2,独身男性,なし,3,不動産,49,なし,自己所有,1,非専門職,2,無,外国人労働者,優良顧客
0マルク未満,42,延滞なし,家具類,7882,100マルク未満,4年以上7年未満,2,独身男性,保証人あり,4,生命保険,45,なし,無料物件,1,専門職,2,無,外国人労働者,優良顧客
0マルク未満,24,延滞あり,新車,4870,100マルク未満,1年以上4年未満,3,独身男性,なし,4,不明・資産なし,53,なし,無料物件,2,専門職,2,無,外国人労働者,不良顧客
口座未開設,36,延滞なし,教育費,9055,不明・未開設,1年以上4年未満,2,独身男性,なし,4,不明・資産なし,35,なし,無料物件,1,非専門職,2,有,外国人労働者,優良顧客
口座未開設,24,延滞なし,家具類,2835,500以上1000マルク未満,7年以上,3,独身男性,なし,4,生命保険,53,なし,自己所有,1,専門職,1,無,外国人労働者,優良顧客
200マルク未満,36,延滞なし,中古車,6948,100マルク未満,1年以上4年未満,2,独身男性,なし,2,車・その他,35,なし,賃貸,1,管理職・自営業者,1,有,外国人労働者,優良顧客
口座未開設,12,延滞なし,テレビ,3059,1000マルク以上,4年以上7年未満,2,離婚歴あり男性,なし,4,不動産,61,なし,自己所有,1,非専門職,1,無,外国人労働者,優良顧客
200マルク未満,30,問題履歴あり,新車,5234,100マルク未満,未就労,4,既婚男性,なし,2,車・その他,28,なし,自己所有,2,管理職・自営業者,1,無,外国人労働者,不良顧客
200マルク未満,12,延滞なし,新車,1295,100マルク未満,1年未満,3,結婚歴あり女性,なし,1,車・その他,25,なし,賃貸,1,専門職,1,無,外国人労働者,不良顧客
0マルク未満,48,延滞なし,ビジネス,4308,100マルク未満,1年未満,3,結婚歴あり女性,なし,4,生命保険,24,なし,賃貸,1,専門職,1,無,外国人労働者,不良顧客
200マルク未満,12,延滞なし,テレビ,1567,100マルク未満,1年以上4年未満,1,結婚歴あり女性,なし,1,車・その他,22,なし,自己所有,1,専門職,1,有,外国人労働者,優良顧客
0マルク未満,24,問題履歴あり,新車,1199,100マルク未満,7年以上,4,独身男性,なし,4,車・その他,60,なし,自己所有,2,非専門職,1,無,外国人労働者,不良顧客
0マルク未満,15,延滞なし,新車,1403,100マルク未満,1年以上4年未満,2,結婚歴あり女性,なし,4,車・その他,28,なし,賃貸,1,専門職,1,無,外国人労働者,優良顧客
0マルク未満,24,延滞なし,テレビ,1282,100以上500マルク未満,1年以上4年未満,4,結婚歴あり女性,なし,2,車・その他,32,なし,自己所有,1,非専門職,1,無,外国人労働者,不良顧客
口座未開設,24,問題履歴あり,テレビ,2424,不明・未開設,7年以上,4,独身男性,なし,4,生命保険,53,なし,自己所有,2,専門職,1,無,外国人労働者,優良顧客
0マルク未満,30,利用歴なし,ビジネス,8072,不明・未開設,1年未満,2,独身男性,なし,3,車・その他,25,銀行,自己所有,3,専門職,1,無,外国人労働者,優良顧客
200マルク未満,24,延滞なし,中古車,12579,100マルク未満,7年以上,4,結婚歴あり女性,なし,2,不明・資産なし,44,なし,無料物件,1,管理職・自営業者,1,有,外国人労働者,不良顧客
口座未開設,24,延滞なし,テレビ,3430,500以上1000マルク未満,7年以上,3,独身男性,なし,2,車・その他,31,なし,自己所有,1,専門職,2,有,外国人労働者,優良顧客
口座未開設,9,問題履歴あり,新車,2134,100マルク未満,1年以上4年未満,4,独身男性,なし,4,車・その他,48,なし,自己所有,3,専門職,1,有,外国人労働者,優良顧客
0マルク未満,6,延滞なし,テレビ,2647,500以上1000マルク未満,1年以上4年未満,2,独身男性,なし,3,不動産,44,なし,賃貸,1,専門職,2,無,外国人労働者,優良顧客
0マルク未満,10,問題履歴あり,新車,2241,100マルク未満,1年未満,1,独身男性,なし,3,不動産,48,なし,賃貸,2,非専門職,2,無,非外国人労働者,優良顧客
200マルク未満,12,問題履歴あり,中古車,1804,100以上500マルク未満,1年未満,3,独身男性,なし,4,生命保険,44,なし,自己所有,1,専門職,1,無,外国人労働者,優良顧客
口座未開設,10,問題履歴あり,家具類,2069,不明・未開設,1年以上4年未満,2,既婚男性,なし,1,車・その他,26,なし,自己所有,2,専門職,1,無,非外国人労働者,優良顧客
0マルク未満,6,延滞なし,家具類,1374,100マルク未満,1年以上4年未満,1,独身男性,なし,2,不動産,36,銀行,自己所有,1,非専門職,1,有,外国人労働者,優良顧客
口座未開設,6,利用歴なし,テレビ,426,100マルク未満,7年以上,4,既婚男性,なし,4,車・その他,39,なし,自己所有,1,非専門職,1,無,外国人労働者,優良顧客
200マルク以上,12,すべて延滞なし,テレビ,409,1000マルク以上,1年以上4年未満,3,結婚歴あり女性,なし,3,不動産,42,なし,賃貸,2,専門職,1,無,外国人労働者,優良顧客
200マルク未満,7,延滞なし,テレビ,2415,100マルク未満,1年以上4年未満,3,独身男性,保証人あり,2,不動産,34,なし,自己所有,1,専門職,1,無,外国人労働者,優良顧客
0マルク未満,60,延滞あり,ビジネス,6836,100マルク未満,7年以上,3,独身男性,なし,4,不明・資産なし,63,なし,自己所有,2,専門職,1,有,外国人労働者,不良顧客
200マルク未満,18,延滞なし,ビジネス,1913,1000マルク以上,1年未満,3,既婚男性,なし,3,不動産,36,銀行,自己所有,1,専門職,1,有,外国人労働者,優良顧客
0マルク未満,24,延滞なし,家具類,4020,100マルク未満,1年以上4年未満,2,独身男性,なし,2,車・その他,27,商店,自己所有,1,専門職,1,無,外国人労働者,優良顧客
200マルク未満,18,延滞なし,新車,5866,100以上500マルク未満,1年以上4年未満,2,独身男性,なし,2,車・その他,30,なし,自己所有,2,専門職,1,有,外国人労働者,優良顧客
口座未開設,12,問題履歴あり,ビジネス,1264,不明・未開設,7年以上,4,独身男性,なし,4,不明・資産なし,57,なし,賃貸,1,非専門職,1,無,外国人労働者,優良顧客
200マルク以上,12,延滞なし,家具類,1474,100マルク未満,1年未満,4,結婚歴あり女性,なし,1,生命保険,33,銀行,自己所有,1,管理職・自営業者,1,有,外国人労働者,優良顧客
200マルク未満,45,問題履歴あり,テレビ,4746,100マルク未満,1年未満,4,独身男性,なし,2,生命保険,25,なし,自己所有,2,非専門職,1,無,外国人労働者,不良顧客
口座未開設,48,問題履歴あり,教育費,6110,100マルク未満,1年以上4年未満,1,独身男性,なし,3,不明・資産なし,31,銀行,無料物件,1,専門職,1,有,外国人労働者,優良顧客
200マルク以上,18,延滞なし,テレビ,2100,100マルク未満,1年以上4年未満,4,独身男性,連帯債務者あり,2,不動産,37,商店,自己所有,1,専門職,1,無,外国人労働者,不良顧客
200マルク以上,10,延滞なし,家庭電化製品,1225,100マルク未満,1年以上4年未満,2,独身男性,なし,2,車・その他,37,なし,自己所有,1,専門職,1,有,外国人労働者,優良顧客
200マルク未満,9,延滞なし,テレビ,458,100マルク未満,1年以上4年未満,4,独身男性,なし,3,不動産,24,なし,自己所有,1,専門職,1,無,外国人労働者,優良顧客
口座未開設,30,延滞なし,テレビ,2333,500以上1000マルク未満,7年以上,4,独身男性,なし,2,車・その他,30,銀行,自己所有,1,管理職・自営業者,1,無,外国人労働者,優良顧客
200マルク未満,12,延滞なし,テレビ,1158,500以上1000マルク未満,1年以上4年未満,3,離婚歴あり男性,なし,1,車・その他,26,なし,自己所有,1,専門職,1,有,外国人労働者,優良顧客
200マルク未満,18,延滞あり,修繕費,6204,100マルク未満,1年以上4年未満,2,独身男性,なし,4,不動産,44,なし,自己所有,1,非専門職,2,有,外国人労働者,優良顧客
0マルク未満,30,問題履歴あり,中古車,6187,100以上500マルク未満,4年以上7年未満,1,既婚男性,なし,4,車・その他,24,なし,賃貸,2,専門職,1,無,外国人労働者,優良顧客
0マルク未満,48,問題履歴あり,中古車,6143,100マルク未満,7年以上,4,結婚歴あり女性,なし,4,不明・資産なし,58,商店,無料物件,2,非専門職,1,無,外国人労働者,不良顧客
口座未開設,11,問題履歴あり,新車,1393,100マルク未満,1年未満,4,結婚歴あり女性,なし,4,車・その他,35,なし,自己所有,2,管理職・自営業者,1,無,外国人労働者,優良顧客
口座未開設,36,延滞なし,テレビ,2299,500以上1000マルク未満,7年以上,4,独身男性,なし,4,車・その他,39,なし,自己所有,1,専門職,1,無,外国人労働者,優良顧客
0マルク未満,6,延滞なし,中古車,1352,500以上1000マルク未満,未就労,1,結婚歴あり女性,なし,2,生命保険,23,なし,賃貸,1,非就労者・非正規労働者,1,有,外国人労働者,優良顧客
口座未開設,11,問題履歴あり,新車,7228,100マルク未満,1年以上4年未満,1,独身男性,なし,4,生命保険,39,なし,自己所有,2,非専門職,1,無,外国人労働者,優良顧客
口座未開設,12,延滞なし,テレビ,2073,100以上500マルク未満,1年以上4年未満,4,結婚歴あり女性,連帯債務者あり,2,不動産,28,なし,自己所有,1,専門職,1,無,外国人労働者,優良顧客
200マルク未満,24,延滞あり,家具類,2333,不明・未開設,1年未満,4,独身男性,なし,2,生命保険,29,銀行,自己所有,1,非専門職,1,無,外国人労働者,優良顧客
200マルク未満,27,延滞あり,中古車,5965,100マルク未満,7年以上,1,独身男性,なし,2,車・その他,30,なし,自己所有,2,管理職・自営業者,1,有,外国人労働者,優良顧客
口座未開設,12,延滞なし,テレビ,1262,100マルク未満,1年以上4年未満,3,独身男性,なし,2,車・その他,25,なし,自己所有,1,専門職,1,無,外国人労働者,優良顧客
口座未開設,18,延滞なし,中古車,3378,不明・未開設,1年以上4年未満,2,独身男性,なし,1,生命保険,31,なし,自己所有,1,専門職,1,有,外国人労働者,優良顧客
200マルク未満,36,延滞あり,新車,2225,100マルク未満,7年以上,4,独身男性,なし,4,不明・資産なし,57,銀行,無料物件,2,専門職,1,有,外国人労働者,不良顧客
口座未開設,6,すべて延滞なし,新車,783,不明・未開設,1年以上4年未満,1,独身男性,保証人あり,2,不動産,26,商店,自己所有,1,非専門職,2,無,外国人労働者,優良顧客
200マルク未満,12,延滞なし,テレビ,6468,不明・未開設,未就労,2,独身男性,なし,1,不明・資産なし,52,なし,自己所有,1,管理職・自営業者,1,有,外国人労働者,不良顧客
口座未開設,36,問題履歴あり,テレビ,9566,100マルク未満,1年以上4年未満,2,結婚歴あり女性,なし,2,車・その他,31,商店,自己所有,2,専門職,1,無,外国人労働者,優良顧客
200マルク以上,18,延滞なし,新車,1961,100マルク未満,7年以上,3,結婚歴あり女性,なし,2,車・その他,23,なし,自己所有,1,管理職・自営業者,1,無,外国人労働者,優良顧客
0マルク未満,36,問題履歴あり,家具類,6229,100マルク未満,1年未満,4,結婚歴あり女性,連帯債務者あり,4,不明・資産なし,23,なし,賃貸,2,非専門職,1,有,外国人労働者,不良顧客
200マルク未満,9,延滞なし,ビジネス,1391,100マルク未満,1年以上4年未満,2,既婚男性,なし,1,不動産,27,銀行,自己所有,1,専門職,1,有,外国人労働者,優良顧客
200マルク未満,15,問題履歴あり,テレビ,1537,不明・未開設,7年以上,4,独身男性,保証人あり,4,不動産,50,なし,自己所有,2,専門職,1,有,外国人労働者,優良顧客
200マルク未満,36,利用歴なし,ビジネス,1953,100マルク未満,7年以上,4,独身男性,なし,4,不明・資産なし,61,なし,無料物件,1,管理職・自営業者,1,有,外国人労働者,不良顧客
200マルク未満,48,利用歴なし,ビジネス,14421,100マルク未満,1年以上4年未満,2,独身男性,なし,2,車・その他,25,なし,自己所有,1,専門職,1,有,外国人労働者,不良顧客
口座未開設,24,延滞なし,テレビ,3181,100マルク未満,1年未満,4,結婚歴あり女性,なし,4,生命保険,26,なし,自己所有,1,専門職,1,有,外国人労働者,優良顧客
口座未開設,27,延滞なし,修繕費,5190,不明・未開設,7年以上,4,独身男性,なし,4,生命保険,48,なし,自己所有,4,専門職,2,有,外国人労働者,優良顧客
口座未開設,12,延滞なし,テレビ,2171,100マルク未満,1年未満,2,結婚歴あり女性,なし,2,車・その他,29,銀行,自己所有,1,専門職,1,無,外国人労働者,優良顧客
200マルク未満,12,延滞なし,新車,1007,1000マルク以上,1年以上4年未満,4,既婚男性,なし,1,不動産,22,なし,自己所有,1,専門職,1,無,外国人労働者,優良顧客
口座未開設,36,延滞なし,教育費,1819,100マルク未満,1年以上4年未満,4,独身男性,なし,4,不明・資産なし,37,商店,無料物件,1,専門職,1,有,外国人労働者,不良顧客
口座未開設,36,延滞なし,テレビ,2394,不明・未開設,1年以上4年未満,4,結婚歴あり女性,なし,4,車・その他,25,なし,自己所有,1,専門職,1,無,外国人労働者,優良顧客
口座未開設,36,延滞なし,中古車,8133,100マルク未満,1年以上4年未満,1,結婚歴あり女性,なし,2,生命保険,30,銀行,自己所有,1,専門職,1,無,外国人労働者,優良顧客
口座未開設,7,問題履歴あり,テレビ,730,不明・未開設,7年以上,4,独身男性,なし,2,生命保険,46,なし,賃貸,2,非専門職,1,有,外国人労働者,優良顧客
0マルク未満,8,問題履歴あり,その他,1164,100マルク未満,7年以上,3,独身男性,なし,4,不明・資産なし,51,銀行,無料物件,2,管理職・自営業者,2,有,外国人労働者,優良顧客
200マルク未満,42,問題履歴あり,ビジネス,5954,100マルク未満,4年以上7年未満,2,結婚歴あり女性,なし,1,不動産,41,銀行,自己所有,2,非専門職,1,無,外国人労働者,優良顧客
0マルク未満,36,延滞なし,教育費,1977,不明・未開設,7年以上,4,独身男性,なし,4,不明・資産なし,40,なし,自己所有,1,管理職・自営業者,1,有,外国人労働者,不良顧客
0マルク未満,12,問題履歴あり,中古車,1526,100マルク未満,7年以上,4,独身男性,なし,4,不明・資産なし,66,なし,無料物件,2,管理職・自営業者,1,無,外国人労働者,優良顧客
0マルク未満,42,延滞なし,テレビ,3965,100マルク未満,1年未満,4,独身男性,なし,3,車・その他,34,なし,自己所有,1,専門職,1,無,外国人労働者,不良顧客
200マルク未満,11,延滞あり,テレビ,4771,100マルク未満,4年以上7年未満,2,独身男性,なし,4,生命保険,51,なし,自己所有,1,専門職,1,無,外国人労働者,優良顧客
口座未開設,54,利用歴なし,中古車,9436,不明・未開設,1年以上4年未満,2,独身男性,なし,2,生命保険,39,なし,自己所有,1,非専門職,2,無,外国人労働者,優良顧客
200マルク未満,30,延滞なし,家具類,3832,100マルク未満,1年未満,2,既婚男性,なし,1,生命保険,22,なし,自己所有,1,専門職,1,無,外国人労働者,優良顧客
口座未開設,24,延滞なし,テレビ,5943,不明・未開設,1年未満,1,結婚歴あり女性,なし,1,車・その他,44,なし,自己所有,2,専門職,1,有,外国人労働者,不良顧客
口座未開設,15,延滞なし,テレビ,1213,500以上1000マルク未満,7年以上,4,独身男性,なし,3,生命保険,47,商店,自己所有,1,専門職,1,有,外国人労働者,優良顧客
口座未開設,18,延滞なし,ビジネス,1568,100以上500マルク未満,1年以上4年未満,3,結婚歴あり女性,なし,4,生命保険,24,なし,賃貸,1,非専門職,1,無,外国人労働者,優良顧客
0マルク未満,24,延滞なし,その他,1755,100マルク未満,7年以上,4,結婚歴あり女性,保証人あり,4,不動産,58,なし,自己所有,1,非専門職,1,有,外国人労働者,優良顧客
0マルク未満,10,延滞なし,テレビ,2315,100マルク未満,7年以上,3,独身男性,なし,4,不動産,52,なし,自己所有,1,非専門職,1,無,外国人労働者,優良顧客
口座未開設,12,問題履歴あり,ビジネス,1412,100マルク未満,1年以上4年未満,4,結婚歴あり女性,保証人あり,2,不動産,29,なし,自己所有,2,管理職・自営業者,1,有,外国人労働者,優良顧客
200マルク未満,18,問題履歴あり,家具類,1295,100マルク未満,1年未満,4,結婚歴あり女性,なし,1,生命保険,27,なし,自己所有,2,専門職,1,無,外国人労働者,優良顧客
200マルク未満,36,延滞なし,教育費,12612,100以上500マルク未満,1年以上4年未満,1,独身男性,なし,4,不明・資産なし,47,なし,無料物件,1,専門職,2,有,外国人労働者,不良顧客
0マルク未満,18,延滞なし,新車,2249,100以上500マルク未満,4年以上7年未満,4,独身男性,なし,3,車・その他,30,なし,自己所有,1,管理職・自営業者,2,有,外国人労働者,優良顧客
0マルク未満,12,利用歴なし,修繕費,1108,100マルク未満,4年以上7年未満,4,独身男性,なし,3,不動産,28,なし,自己所有,2,専門職,1,無,外国人労働者,不良顧客
口座未開設,12,問題履歴あり,テレビ,618,100マルク未満,7年以上,4,独身男性,なし,4,不動産,56,なし,自己所有,1,専門職,1,無,外国人労働者,優良顧客
0マルク未満,12,問題履歴あり,中古車,1409,100マルク未満,7年以上,4,独身男性,なし,3,不動産,54,なし,自己所有,1,専門職,1,無,外国人労働者,優良顧客
口座未開設,12,問題履歴あり,テレビ,797,不明・未開設,7年以上,4,結婚歴あり女性,なし,3,生命保険,33,銀行,自己所有,1,非専門職,2,無,外国人労働者,不良顧客
200マルク以上,24,問題履歴あり,家具類,3617,不明・未開設,7年以上,4,独身男性,連帯債務者あり,4,不明・資産なし,20,なし,賃貸,2,専門職,1,無,外国人労働者,優良顧客
200マルク未満,12,延滞なし,新車,1318,1000マルク以上,7年以上,4,独身男性,なし,4,不動産,54,なし,自己所有,1,専門職,1,有,外国人労働者,優良顧客
200マルク未満,54,利用歴なし,ビジネス,15945,100マルク未満,1年未満,3,独身男性,なし,4,不明・資産なし,58,なし,賃貸,1,専門職,1,有,外国人労働者,不良顧客
口座未開設,12,問題履歴あり,教育費,2012,不明・未開設,4年以上7年未満,4,結婚歴あり女性,なし,2,車・その他,61,なし,自己所有,1,専門職,1,無,外国人労働者,優良顧客
200マルク未満,18,延滞なし,ビジネス,2622,100以上500マルク未満,1年以上4年未満,4,独身男性,なし,4,車・その他,34,なし,自己所有,1,専門職,1,無,外国人労働者,優良顧客
200マルク未満,36,問題履歴あり,テレビ,2337,100マルク未満,7年以上,4,独身男性,なし,4,不動産,36,なし,自己所有,1,専門職,1,無,外国人労働者,優良顧客
200マルク未満,20,延滞あり,中古車,7057,不明・未開設,4年以上7年未満,3,独身男性,なし,4,生命保険,36,銀行,賃貸,2,管理職・自営業者,2,有,外国人労働者,優良顧客
口座未開設,24,延滞なし,新車,1469,100以上500マルク未満,7年以上,4,既婚男性,なし,4,不動産,41,なし,賃貸,1,非専門職,1,無,外国人労働者,優良顧客
200マルク未満,36,延滞なし,テレビ,2323,100マルク未満,4年以上7年未満,4,独身男性,なし,4,車・その他,24,なし,賃貸,1,専門職,1,無,外国人労働者,優良顧客
口座未開設,6,延滞あり,テレビ,932,100マルク未満,1年以上4年未満,3,結婚歴あり女性,なし,2,不動産,24,なし,自己所有,1,専門職,1,無,外国人労働者,優良顧客
200マルク未満,9,問題履歴あり,家具類,1919,100マルク未満,4年以上7年未満,4,独身男性,なし,3,車・その他,35,なし,賃貸,1,専門職,1,有,外国人労働者,優良顧客
口座未開設,12,延滞なし,中古車,2445,不明・未開設,1年未満,2,既婚男性,なし,4,車・その他,26,なし,賃貸,1,専門職,1,有,外国人労働者,優良顧客
200マルク未満,24,問題履歴あり,その他,11938,100マルク未満,1年以上4年未満,2,独身男性,連帯債務者あり,3,車・その他,39,なし,自己所有,2,管理職・自営業者,2,有,外国人労働者,不良顧客
口座未開設,18,すべて延滞なし,新車,6458,100マルク未満,7年以上,2,独身男性,なし,4,不明・資産なし,39,銀行,自己所有,2,管理職・自営業者,2,有,外国人労働者,不良顧客
200マルク未満,12,延滞なし,新車,6078,100マルク未満,4年以上7年未満,2,独身男性,なし,2,車・その他,32,なし,自己所有,1,専門職,1,無,外国人労働者,優良顧客
0マルク未満,24,延滞なし,家具類,7721,不明・未開設,1年未満,1,結婚歴あり女性,なし,2,生命保険,30,なし,自己所有,1,専門職,1,有,非外国人労働者,優良顧客
200マルク未満,14,延滞なし,ビジネス,1410,500以上1000マルク未満,7年以上,1,既婚男性,なし,2,不動産,35,なし,自己所有,1,専門職,1,有,外国人労働者,優良顧客
200マルク未満,6,延滞あり,ビジネス,1449,100以上500マルク未満,7年以上,1,離婚歴あり男性,なし,2,車・その他,31,銀行,自己所有,2,専門職,2,無,外国人労働者,優良顧客
200マルク以上,15,延滞なし,教育費,392,100マルク未満,1年未満,4,結婚歴あり女性,なし,4,生命保険,23,なし,賃貸,1,専門職,1,有,外国人労働者,優良顧客
200マルク未満,18,延滞なし,新車,6260,100マルク未満,4年以上7年未満,3,独身男性,なし,3,不動産,28,なし,賃貸,1,非専門職,1,無,外国人労働者,優良顧客
口座未開設,36,問題履歴あり,新車,7855,100マルク未満,1年以上4年未満,4,結婚歴あり女性,なし,2,不動産,25,商店,自己所有,2,専門職,1,有,外国人労働者,不良顧客
0マルク未満,12,延滞なし,テレビ,1680,500以上1000マルク未満,7年以上,3,既婚男性,なし,1,不動産,35,なし,自己所有,1,専門職,1,無,外国人労働者,優良顧客
口座未開設,48,問題履歴あり,テレビ,3578,不明・未開設,7年以上,4,独身男性,なし,1,不動産,47,なし,自己所有,1,専門職,1,有,外国人労働者,優良顧客
0マルク未満,42,延滞なし,テレビ,7174,不明・未開設,4年以上7年未満,4,結婚歴あり女性,なし,3,車・その他,30,なし,自己所有,1,管理職・自営業者,1,有,外国人労働者,不良顧客
0マルク未満,10,問題履歴あり,家具類,2132,不明・未開設,1年未満,2,結婚歴あり女性,連帯債務者あり,3,不動産,27,なし,賃貸,2,専門職,1,無,非外国人労働者,優良顧客
0マルク未満,33,問題履歴あり,家具類,4281,500以上1000マルク未満,1年以上4年未満,1,結婚歴あり女性,なし,4,車・その他,23,なし,自己所有,2,専門職,1,無,外国人労働者,不良顧客
200マルク未満,12,問題履歴あり,新車,2366,500以上1000マルク未満,4年以上7年未満,3,離婚歴あり男性,なし,3,車・その他,36,なし,自己所有,1,管理職・自営業者,1,有,外国人労働者,優良顧客
0マルク未満,21,延滞なし,テレビ,1835,100マルク未満,1年以上4年未満,3,結婚歴あり女性,なし,2,不動産,25,なし,自己所有,2,専門職,1,有,外国人労働者,不良顧客
口座未開設,24,問題履歴あり,中古車,3868,100マルク未満,7年以上,4,結婚歴あり女性,なし,2,車・その他,41,なし,賃貸,2,管理職・自営業者,1,有,外国人労働者,優良顧客
口座未開設,12,延滞なし,家具類,1768,100マルク未満,1年以上4年未満,3,独身男性,なし,2,不動産,24,なし,賃貸,1,非専門職,1,無,外国人労働者,優良顧客
200マルク以上,10,問題履歴あり,新車,781,100マルク未満,7年以上,4,独身男性,なし,4,不明・資産なし,63,なし,無料物件,2,専門職,1,有,外国人労働者,優良顧客
200マルク未満,18,延滞なし,家具類,1924,不明・未開設,1年未満,4,結婚歴あり女性,なし,3,不動産,27,なし,賃貸,1,専門職,1,無,外国人労働者,不良顧客
0マルク未満,12,問題履歴あり,新車,2121,100マルク未満,1年以上4年未満,4,独身男性,なし,2,生命保険,30,なし,自己所有,2,専門職,1,無,外国人労働者,優良顧客
0マルク未満,12,延滞なし,テレビ,701,100マルク未満,1年以上4年未満,4,既婚男性,なし,2,不動産,40,なし,自己所有,1,非専門職,1,無,外国人労働者,優良顧客
200マルク未満,12,延滞なし,修繕費,639,100マルク未満,1年以上4年未満,4,独身男性,なし,2,車・その他,30,なし,自己所有,1,専門職,1,無,外国人労働者,不良顧客
200マルク未満,12,問題履歴あり,中古車,1860,100マルク未満,未就労,4,独身男性,なし,2,車・その他,34,なし,自己所有,2,管理職・自営業者,1,有,外国人労働者,優良顧客
0マルク未満,12,問題履歴あり,新車,3499,100マルク未満,1年以上4年未満,3,結婚歴あり女性,連帯債務者あり,2,不動産,29,なし,自己所有,2,専門職,1,無,外国人労働者,不良顧客
200マルク未満,48,延滞なし,新車,8487,不明・未開設,4年以上7年未満,1,結婚歴あり女性,なし,2,車・その他,24,なし,自己所有,1,専門職,1,無,外国人労働者,優良顧客
0マルク未満,36,延滞あり,教育費,6887,100マルク未満,1年以上4年未満,4,独身男性,なし,3,生命保険,29,商店,自己所有,1,専門職,1,有,外国人労働者,不良顧客
口座未開設,15,延滞なし,家具類,2708,100マルク未満,1年未満,2,独身男性,なし,3,生命保険,27,銀行,自己所有,2,非専門職,1,無,外国人労働者,優良顧客
口座未開設,18,延滞なし,家具類,1984,100マルク未満,1年以上4年未満,4,独身男性,なし,4,不明・資産なし,47,銀行,無料物件,2,専門職,1,無,外国人労働者,優良顧客
口座未開設,60,延滞なし,テレビ,10144,100以上500マルク未満,4年以上7年未満,2,結婚歴あり女性,なし,4,不動産,21,なし,自己所有,1,専門職,1,有,外国人労働者,優良顧客
口座未開設,12,問題履歴あり,テレビ,1240,不明・未開設,7年以上,4,結婚歴あり女性,なし,2,不動産,38,なし,自己所有,2,専門職,1,有,外国人労働者,優良顧客
口座未開設,27,延滞あり,中古車,8613,1000マルク以上,1年以上4年未満,2,独身男性,なし,2,車・その他,27,なし,自己所有,2,専門職,1,無,外国人労働者,優良顧客
200マルク未満,12,延滞なし,テレビ,766,500以上1000マルク未満,1年以上4年未満,4,独身男性,なし,3,不動産,66,なし,自己所有,1,非専門職,1,無,外国人労働者,不良顧客
200マルク未満,15,問題履歴あり,テレビ,2728,不明・未開設,4年以上7年未満,4,独身男性,保証人あり,2,不動産,35,銀行,自己所有,3,専門職,1,有,外国人労働者,優良顧客
200マルク以上,12,延滞なし,テレビ,1881,100マルク未満,1年以上4年未満,2,結婚歴あり女性,なし,2,車・その他,44,なし,賃貸,1,非専門職,1,有,外国人労働者,優良顧客
200マルク以上,6,延滞なし,新車,709,1000マルク以上,1年未満,2,既婚男性,なし,2,不動産,27,なし,自己所有,1,非就労者・非正規労働者,1,無,非外国人労働者,優良顧客
200マルク未満,36,延滞なし,テレビ,4795,100マルク未満,1年未満,4,結婚歴あり女性,なし,1,不明・資産なし,30,なし,自己所有,1,管理職・自営業者,1,有,外国人労働者,優良顧客
0マルク未満,27,延滞なし,テレビ,3416,100マルク未満,1年以上4年未満,3,独身男性,なし,2,車・その他,27,なし,自己所有,1,管理職・自営業者,1,無,外国人労働者,優良顧客
0マルク未満,18,延滞なし,家具類,2462,100マルク未満,1年以上4年未満,2,独身男性,なし,2,車・その他,22,なし,自己所有,1,専門職,1,無,外国人労働者,不良顧客
口座未開設,21,問題履歴あり,家具類,2288,100マルク未満,1年未満,4,結婚歴あり女性,なし,4,生命保険,23,なし,自己所有,1,専門職,1,有,外国人労働者,優良顧客
200マルク未満,48,すべて延滞なし,ビジネス,3566,100以上500マルク未満,4年以上7年未満,4,独身男性,なし,2,車・その他,30,なし,自己所有,1,専門職,1,無,外国人労働者,優良顧客
0マルク未満,6,問題履歴あり,新車,860,100マルク未満,7年以上,1,結婚歴あり女性,なし,4,不明・資産なし,39,なし,自己所有,2,専門職,1,有,外国人労働者,優良顧客
口座未開設,12,問題履歴あり,新車,682,100以上500マルク未満,4年以上7年未満,4,結婚歴あり女性,なし,3,車・その他,51,なし,自己所有,2,専門職,1,有,外国人労働者,優良顧客
0マルク未満,36,問題履歴あり,家具類,5371,100マルク未満,1年以上4年未満,3,独身男性,保証人あり,2,生命保険,28,なし,自己所有,2,専門職,1,無,外国人労働者,優良顧客
口座未開設,18,問題履歴あり,テレビ,1582,1000マルク以上,7年以上,4,独身男性,なし,4,車・その他,46,なし,自己所有,2,専門職,1,無,外国人労働者,優良顧客
口座未開設,6,延滞なし,テレビ,1346,100以上500マルク未満,7年以上,2,独身男性,なし,4,不明・資産なし,42,銀行,無料物件,1,専門職,2,有,外国人労働者,優良顧客
口座未開設,10,延滞なし,テレビ,1924,100マルク未満,1年以上4年未満,1,独身男性,なし,4,生命保険,38,なし,自己所有,1,専門職,1,有,非外国人労働者,優良顧客
200マルク以上,36,延滞なし,テレビ,5848,100マルク未満,1年以上4年未満,4,独身男性,なし,1,車・その他,24,なし,自己所有,1,専門職,1,無,外国人労働者,優良顧客
200マルク未満,24,問題履歴あり,中古車,7758,1000マルク以上,7年以上,2,結婚歴あり女性,なし,4,不明・資産なし,29,なし,賃貸,1,専門職,1,無,外国人労働者,優良顧客
200マルク未満,24,延滞あり,ビジネス,6967,100以上500マルク未満,4年以上7年未満,4,独身男性,なし,4,車・その他,36,なし,賃貸,1,管理職・自営業者,1,有,外国人労働者,優良顧客
0マルク未満,12,延滞なし,家具類,1282,100マルク未満,1年以上4年未満,2,結婚歴あり女性,なし,4,車・その他,20,なし,賃貸,1,専門職,1,無,外国人労働者,不良顧客
0マルク未満,9,問題履歴あり,修繕費,1288,100以上500マルク未満,7年以上,3,独身男性,保証人あり,4,不動産,48,なし,自己所有,2,専門職,2,無,非外国人労働者,優良顧客
0マルク未満,12,すべて延滞なし,職業訓練,339,100マルク未満,7年以上,4,既婚男性,なし,1,車・その他,45,銀行,自己所有,1,非専門職,1,無,外国人労働者,優良顧客
200マルク未満,24,延滞なし,新車,3512,100以上500マルク未満,4年以上7年未満,2,独身男性,なし,3,車・その他,38,銀行,自己所有,2,専門職,1,有,外国人労働者,優良顧客
口座未開設,6,問題履歴あり,テレビ,1898,不明・未開設,1年以上4年未満,1,独身男性,なし,2,不動産,34,なし,自己所有,2,非専門職,2,無,外国人労働者,優良顧客
口座未開設,24,問題履歴あり,テレビ,2872,100以上500マルク未満,7年以上,3,独身男性,なし,4,不動産,36,なし,自己所有,1,専門職,2,有,外国人労働者,優良顧客
口座未開設,18,問題履歴あり,新車,1055,100マルク未満,1年未満,4,結婚歴あり女性,なし,1,生命保険,30,なし,自己所有,2,専門職,1,無,外国人労働者,優良顧客
口座未開設,15,延滞なし,家庭電化製品,1262,500以上1000マルク未満,4年以上7年未満,4,独身男性,なし,3,生命保険,36,なし,自己所有,2,専門職,1,有,外国人労働者,優良顧客
200マルク未満,10,延滞なし,新車,7308,100マルク未満,未就労,2,独身男性,なし,4,不明・資産なし,70,銀行,無料物件,1,管理職・自営業者,1,有,外国人労働者,優良顧客
口座未開設,36,延滞なし,新車,909,500以上1000マルク未満,7年以上,4,独身男性,なし,4,生命保険,36,なし,自己所有,1,専門職,1,無,外国人労働者,優良顧客
口座未開設,6,延滞なし,家具類,2978,500以上1000マルク未満,1年以上4年未満,1,独身男性,なし,2,車・その他,32,なし,自己所有,1,専門職,1,有,外国人労働者,優良顧客
0マルク未満,18,延滞なし,家具類,1131,100マルク未満,未就労,4,結婚歴あり女性,なし,2,車・その他,33,なし,自己所有,1,専門職,1,無,外国人労働者,不良顧客
200マルク未満,11,延滞なし,家具類,1577,1000マルク以上,1年未満,4,結婚歴あり女性,なし,1,不動産,20,なし,自己所有,1,専門職,1,無,外国人労働者,優良顧客
口座未開設,24,延滞なし,家具類,3972,100マルク未満,4年以上7年未満,2,結婚歴あり女性,なし,4,生命保険,25,なし,賃貸,1,専門職,1,有,外国人労働者,優良顧客
200マルク未満,24,問題履歴あり,ビジネス,1935,100マルク未満,7年以上,4,離婚歴あり男性,なし,4,不動産,31,なし,自己所有,2,専門職,1,有,外国人労働者,不良顧客
0マルク未満,15,利用歴なし,新車,950,100マルク未満,7年以上,4,独身男性,なし,3,車・その他,33,なし,賃貸,2,専門職,2,無,外国人労働者,不良顧客
口座未開設,12,延滞なし,家具類,763,100マルク未満,1年以上4年未満,4,結婚歴あり女性,なし,1,不動産,26,なし,自己所有,1,専門職,1,有,外国人労働者,優良顧客
200マルク未満,24,延滞あり,家具類,2064,100マルク未満,未就労,3,結婚歴あり女性,なし,2,生命保険,34,なし,自己所有,1,管理職・自営業者,1,有,外国人労働者,不良顧客
200マルク未満,8,延滞なし,テレビ,1414,100マルク未満,1年以上4年未満,4,独身男性,保証人あり,2,不動産,33,なし,自己所有,1,専門職,1,無,非外国人労働者,優良顧客
0マルク未満,21,延滞あり,教育費,3414,100マルク未満,1年未満,2,独身男性,なし,1,生命保険,26,なし,自己所有,2,専門職,1,無,外国人労働者,不良顧客
口座未開設,30,すべて延滞なし,中古車,7485,不明・未開設,未就労,4,結婚歴あり女性,なし,1,不動産,53,銀行,自己所有,1,管理職・自営業者,1,有,外国人労働者,不良顧客
0マルク未満,12,延滞なし,家具類,2577,100マルク未満,1年以上4年未満,2,離婚歴あり男性,なし,1,車・その他,42,なし,自己所有,1,専門職,1,無,外国人労働者,優良顧客
0マルク未満,6,問題履歴あり,テレビ,338,500以上1000マルク未満,7年以上,4,独身男性,なし,4,車・その他,52,なし,自己所有,2,専門職,1,無,外国人労働者,優良顧客
口座未開設,12,延滞なし,テレビ,1963,100マルク未満,4年以上7年未満,4,独身男性,なし,2,車・その他,31,なし,賃貸,2,管理職・自営業者,2,有,外国人労働者,優良顧客
0マルク未満,21,問題履歴あり,新車,571,100マルク未満,7年以上,4,独身男性,なし,4,不動産,65,なし,自己所有,2,専門職,1,無,外国人労働者,優良顧客
口座未開設,36,延滞あり,ビジネス,9572,100マルク未満,1年未満,1,離婚歴あり男性,なし,1,車・その他,28,なし,自己所有,2,専門職,1,無,外国人労働者,不良顧客
200マルク未満,36,延滞あり,ビジネス,4455,100マルク未満,1年以上4年未満,2,離婚歴あり男性,なし,2,不動産,30,商店,自己所有,2,管理職・自営業者,1,有,外国人労働者,不良顧客
0マルク未満,21,すべて延滞なし,新車,1647,不明・未開設,1年以上4年未満,4,独身男性,なし,2,生命保険,40,なし,自己所有,2,非専門職,2,無,外国人労働者,不良顧客
口座未開設,24,問題履歴あり,家具類,3777,1000マルク以上,1年以上4年未満,4,独身男性,なし,4,不動産,50,なし,自己所有,1,専門職,1,有,外国人労働者,優良顧客
200マルク未満,18,問題履歴あり,新車,884,100マルク未満,7年以上,4,独身男性,なし,4,車・その他,36,銀行,自己所有,1,専門職,2,有,外国人労働者,不良顧客
口座未開設,15,問題履歴あり,テレビ,1360,100マルク未満,1年以上4年未満,4,独身男性,なし,2,生命保険,31,なし,自己所有,2,専門職,1,無,外国人労働者,優良顧客
200マルク未満,9,すべて延滞なし,中古車,5129,100マルク未満,7年以上,2,結婚歴あり女性,なし,4,不明・資産なし,74,銀行,無料物件,1,管理職・自営業者,2,有,外国人労働者,不良顧客
200マルク未満,16,問題履歴あり,新車,1175,100マルク未満,未就労,2,独身男性,なし,3,車・その他,68,なし,無料物件,3,非就労者・非正規労働者,1,有,外国人労働者,優良顧客
0マルク未満,12,延滞なし,テレビ,674,100以上500マルク未満,4年以上7年未満,4,既婚男性,なし,1,生命保険,20,なし,自己所有,1,専門職,1,無,外国人労働者,不良顧客
200マルク未満,18,利用歴なし,家具類,3244,100マルク未満,1年以上4年未満,1,結婚歴あり女性,なし,4,車・その他,33,銀行,自己所有,2,専門職,1,有,外国人労働者,優良顧客
口座未開設,24,延滞なし,ビジネス,4591,1000マルク以上,1年以上4年未満,2,独身男性,なし,3,生命保険,54,なし,自己所有,3,管理職・自営業者,1,有,外国人労働者,不良顧客
200マルク未満,48,利用歴なし,ビジネス,3844,100以上500マルク未満,4年以上7年未満,4,独身男性,なし,4,不明・資産なし,34,なし,無料物件,1,非専門職,2,無,外国人労働者,不良顧客
200マルク未満,27,延滞なし,ビジネス,3915,100マルク未満,1年以上4年未満,4,独身男性,なし,2,車・その他,36,なし,自己所有,1,専門職,2,有,外国人労働者,不良顧客
口座未開設,6,延滞なし,テレビ,2108,100マルク未満,4年以上7年未満,2,既婚男性,なし,2,不動産,29,なし,賃貸,1,専門職,1,無,外国人労働者,優良顧客
200マルク未満,45,延滞なし,テレビ,3031,100以上500マルク未満,1年以上4年未満,4,独身男性,保証人あり,4,生命保険,21,なし,賃貸,1,専門職,1,無,外国人労働者,不良顧客
200マルク未満,9,問題履歴あり,教育費,1501,100マルク未満,7年以上,2,結婚歴あり女性,なし,3,車・その他,34,なし,自己所有,2,管理職・自営業者,1,有,外国人労働者,不良顧客
口座未開設,6,問題履歴あり,テレビ,1382,100マルク未満,1年以上4年未満,1,結婚歴あり女性,なし,1,車・その他,28,なし,自己所有,2,専門職,1,有,外国人労働者,優良顧客
200マルク未満,12,延滞なし,家具類,951,100以上500マルク未満,1年未満,4,結婚歴あり女性,なし,4,車・その他,27,銀行,賃貸,4,専門職,1,無,外国人労働者,不良顧客
200マルク未満,24,延滞なし,中古車,2760,不明・未開設,7年以上,4,独身男性,なし,4,不明・資産なし,36,銀行,無料物件,1,専門職,1,有,外国人労働者,優良顧客
200マルク未満,18,延滞あり,家具類,4297,100マルク未満,7年以上,4,離婚歴あり男性,なし,3,不明・資産なし,40,なし,自己所有,1,管理職・自営業者,1,有,外国人労働者,不良顧客
口座未開設,9,問題履歴あり,教育費,936,500以上1000マルク未満,7年以上,4,独身男性,なし,2,車・その他,52,なし,自己所有,2,専門職,1,有,外国人労働者,優良顧客
0マルク未満,12,延滞なし,新車,1168,100マルク未満,1年以上4年未満,4,既婚男性,なし,3,不動産,27,なし,自己所有,1,非専門職,1,無,外国人労働者,優良顧客
口座未開設,27,延滞あり,ビジネス,5117,100マルク未満,4年以上7年未満,3,独身男性,なし,4,車・その他,26,なし,自己所有,2,専門職,1,無,外国人労働者,優良顧客
0マルク未満,12,延滞なし,職業訓練,902,100マルク未満,4年以上7年未満,4,既婚男性,なし,4,生命保険,21,なし,賃貸,1,専門職,1,無,外国人労働者,不良顧客
口座未開設,12,問題履歴あり,新車,1495,100マルク未満,7年以上,4,独身男性,なし,1,不動産,38,なし,自己所有,2,非専門職,2,無,外国人労働者,優良顧客
0マルク未満,30,問題履歴あり,中古車,10623,100マルク未満,7年以上,3,独身男性,なし,4,不明・資産なし,38,なし,無料物件,3,管理職・自営業者,2,有,外国人労働者,優良顧客
口座未開設,12,問題履歴あり,家具類,1935,100マルク未満,7年以上,4,独身男性,なし,4,不動産,43,なし,自己所有,3,専門職,1,有,外国人労働者,優良顧客
200マルク未満,12,問題履歴あり,家庭電化製品,1424,100マルク未満,4年以上7年未満,4,独身男性,なし,3,生命保険,26,なし,自己所有,1,専門職,1,無,外国人労働者,優良顧客
0マルク未満,24,延滞なし,ビジネス,6568,100マルク未満,1年以上4年未満,2,既婚男性,なし,2,車・その他,21,商店,自己所有,1,非専門職,1,無,外国人労働者,優良顧客
口座未開設,12,延滞なし,中古車,1413,1000マルク以上,4年以上7年未満,3,独身男性,なし,2,生命保険,55,なし,自己所有,1,専門職,1,無,非外国人労働者,優良顧客
口座未開設,9,問題履歴あり,テレビ,3074,不明・未開設,1年以上4年未満,1,独身男性,なし,2,不動産,33,なし,自己所有,2,専門職,2,無,外国人労働者,優良顧客
口座未開設,36,延滞なし,テレビ,3835,不明・未開設,7年以上,2,結婚歴あり女性,なし,4,不動産,45,なし,自己所有,1,非専門職,1,有,外国人労働者,優良顧客
0マルク未満,27,利用歴なし,ビジネス,5293,100マルク未満,未就労,2,独身男性,なし,4,生命保険,50,商店,自己所有,2,専門職,1,有,外国人労働者,不良顧客
200マルク以上,30,延滞あり,ビジネス,1908,100マルク未満,7年以上,4,独身男性,なし,4,不動産,66,なし,自己所有,1,管理職・自営業者,1,有,外国人労働者,不良顧客
口座未開設,36,問題履歴あり,テレビ,3342,不明・未開設,7年以上,4,独身男性,なし,2,車・その他,51,なし,自己所有,1,専門職,1,有,外国人労働者,優良顧客
200マルク未満,6,問題履歴あり,職業訓練,932,不明・未開設,4年以上7年未満,1,結婚歴あり女性,なし,3,生命保険,39,なし,自己所有,2,非専門職,1,無,外国人労働者,優良顧客
0マルク未満,18,利用歴なし,ビジネス,3104,100マルク未満,4年以上7年未満,3,独身男性,なし,1,生命保険,31,銀行,自己所有,1,専門職,1,有,外国人労働者,優良顧客
200マルク以上,36,延滞なし,テレビ,3913,100マルク未満,1年以上4年未満,2,独身男性,なし,2,不動産,23,なし,自己所有,1,専門職,1,有,外国人労働者,優良顧客
0マルク未満,24,延滞なし,家具類,3021,100マルク未満,1年以上4年未満,2,離婚歴あり男性,なし,2,不動産,24,なし,賃貸,1,非専門職,1,無,外国人労働者,優良顧客
口座未開設,10,延滞なし,新車,1364,100マルク未満,1年以上4年未満,2,結婚歴あり女性,なし,4,車・その他,64,なし,自己所有,1,専門職,1,有,外国人労働者,優良顧客
200マルク未満,12,延滞なし,テレビ,625,100マルク未満,1年未満,4,既婚男性,保証人あり,1,不動産,26,銀行,自己所有,1,非専門職,1,無,外国人労働者,優良顧客
0マルク未満,12,延滞なし,教育費,1200,不明・未開設,1年以上4年未満,4,結婚歴あり女性,なし,4,生命保険,23,銀行,賃貸,1,専門職,1,有,外国人労働者,優良顧客
口座未開設,12,延滞なし,テレビ,707,100マルク未満,1年以上4年未満,4,独身男性,なし,2,不動産,30,銀行,自己所有,2,専門職,1,無,外国人労働者,優良顧客
口座未開設,24,延滞あり,ビジネス,2978,不明・未開設,1年以上4年未満,4,独身男性,なし,4,不動産,32,なし,自己所有,2,専門職,2,有,外国人労働者,優良顧客
口座未開設,15,延滞なし,中古車,4657,100マルク未満,1年以上4年未満,3,独身男性,なし,2,車・その他,30,なし,自己所有,1,専門職,1,有,外国人労働者,優良顧客
口座未開設,36,利用歴なし,修繕費,2613,100マルク未満,1年以上4年未満,4,独身男性,なし,2,車・その他,27,なし,自己所有,2,専門職,1,無,外国人労働者,優良顧客
200マルク未満,48,延滞なし,テレビ,10961,1000マルク以上,4年以上7年未満,1,独身男性,連帯債務者あり,2,不明・資産なし,27,銀行,自己所有,2,専門職,1,有,外国人労働者,不良顧客
0マルク未満,12,延滞なし,家具類,7865,100マルク未満,7年以上,4,独身男性,なし,4,不明・資産なし,53,なし,無料物件,1,管理職・自営業者,1,有,外国人労働者,不良顧客
口座未開設,9,延滞なし,テレビ,1478,100マルク未満,4年以上7年未満,4,独身男性,なし,2,車・その他,22,なし,自己所有,1,専門職,1,無,外国人労働者,不良顧客
0マルク未満,24,延滞なし,家具類,3149,100マルク未満,1年未満,4,独身男性,なし,1,不明・資産なし,22,銀行,無料物件,1,専門職,1,無,外国人労働者,優良顧客
200マルク以上,36,延滞なし,テレビ,4210,100マルク未満,1年以上4年未満,4,独身男性,なし,2,車・その他,26,なし,自己所有,1,専門職,1,無,外国人労働者,不良顧客
口座未開設,9,延滞なし,新車,2507,500以上1000マルク未満,7年以上,2,独身男性,なし,4,不明・資産なし,51,なし,無料物件,1,非専門職,1,無,外国人労働者,優良顧客
口座未開設,12,延滞なし,テレビ,2141,100以上500マルク未満,4年以上7年未満,3,独身男性,なし,1,不明・資産なし,35,なし,自己所有,1,専門職,1,無,外国人労働者,優良顧客
200マルク未満,18,延滞なし,テレビ,866,100マルク未満,1年以上4年未満,4,既婚男性,保証人あり,2,不動産,25,なし,自己所有,1,非専門職,1,無,外国人労働者,優良顧客
口座未開設,4,問題履歴あり,テレビ,1544,100マルク未満,4年以上7年未満,2,独身男性,なし,1,不動産,42,なし,自己所有,3,非専門職,2,無,外国人労働者,優良顧客
0マルク未満,24,延滞なし,テレビ,1823,100マルク未満,未就労,4,独身男性,なし,2,車・その他,30,商店,自己所有,1,管理職・自営業者,2,無,外国人労働者,不良顧客
200マルク未満,6,延滞なし,新車,14555,不明・未開設,未就労,1,独身男性,なし,2,生命保険,23,なし,自己所有,1,非就労者・非正規労働者,1,有,外国人労働者,不良顧客
200マルク未満,21,延滞なし,ビジネス,2767,100以上500マルク未満,7年以上,4,離婚歴あり男性,なし,2,車・その他,61,銀行,賃貸,2,非専門職,1,無,外国人労働者,不良顧客
口座未開設,12,問題履歴あり,テレビ,1291,100マルク未満,1年以上4年未満,4,結婚歴あり女性,なし,2,生命保険,35,なし,自己所有,2,専門職,1,無,外国人労働者,優良顧客
0マルク未満,30,延滞なし,テレビ,2522,100マルク未満,7年以上,1,独身男性,保証人あり,3,生命保険,39,なし,自己所有,1,専門職,2,無,外国人労働者,優良顧客
0マルク未満,24,延滞なし,新車,915,不明・未開設,7年以上,4,結婚歴あり女性,なし,2,車・その他,29,銀行,自己所有,1,専門職,1,無,外国人労働者,不良顧客
口座未開設,6,延滞なし,テレビ,1595,100マルク未満,4年以上7年未満,3,独身男性,なし,2,生命保険,51,なし,自己所有,1,専門職,2,無,外国人労働者,優良顧客
0マルク未満,48,利用歴なし,中古車,4605,100マルク未満,7年以上,3,独身男性,なし,4,不明・資産なし,24,なし,無料物件,2,専門職,2,無,外国人労働者,不良顧客
口座未開設,12,問題履歴あり,ビジネス,1185,100マルク未満,1年以上4年未満,3,結婚歴あり女性,なし,2,不動産,27,なし,自己所有,2,専門職,1,無,外国人労働者,優良顧客
口座未開設,12,すべて延滞なし,職業訓練,3447,500以上1000マルク未満,1年以上4年未満,4,結婚歴あり女性,なし,3,不動産,35,なし,自己所有,1,非専門職,2,無,外国人労働者,優良顧客
口座未開設,24,延滞なし,ビジネス,1258,100マルク未満,4年以上7年未満,4,独身男性,なし,1,不動産,25,なし,自己所有,1,専門職,1,有,外国人労働者,優良顧客
口座未開設,12,問題履歴あり,テレビ,717,100マルク未満,7年以上,4,独身男性,なし,4,不動産,52,なし,自己所有,3,専門職,1,無,外国人労働者,優良顧客
口座未開設,6,利用歴なし,新車,1204,100以上500マルク未満,1年以上4年未満,4,独身男性,なし,1,不明・資産なし,35,銀行,賃貸,1,専門職,1,無,非外国人労働者,優良顧客
200マルク以上,24,延滞なし,家具類,1925,100マルク未満,1年以上4年未満,2,独身男性,なし,2,不動産,26,なし,自己所有,1,専門職,1,無,外国人労働者,優良顧客
口座未開設,18,延滞なし,テレビ,433,100マルク未満,未就労,3,結婚歴あり女性,連帯債務者あり,4,不動産,22,なし,賃貸,1,専門職,1,無,外国人労働者,不良顧客
0マルク未満,6,問題履歴あり,新車,666,1000マルク以上,4年以上7年未満,3,結婚歴あり女性,なし,4,不動産,39,なし,自己所有,2,非専門職,1,有,外国人労働者,優良顧客
200マルク以上,12,延滞なし,家具類,2251,100マルク未満,1年以上4年未満,1,結婚歴あり女性,なし,2,車・その他,46,なし,自己所有,1,非専門職,1,無,外国人労働者,優良顧客
200マルク未満,30,延滞なし,新車,2150,100マルク未満,1年以上4年未満,4,結婚歴あり女性,保証人あり,2,不明・資産なし,24,銀行,自己所有,1,専門職,1,無,外国人労働者,不良顧客
口座未開設,24,延滞あり,家具類,4151,100以上500マルク未満,1年以上4年未満,2,独身男性,なし,3,生命保険,35,なし,自己所有,2,専門職,1,無,外国人労働者,優良顧客
200マルク未満,9,延滞なし,家具類,2030,不明・未開設,4年以上7年未満,2,独身男性,なし,1,車・その他,24,なし,自己所有,1,専門職,1,有,外国人労働者,優良顧客
200マルク未満,60,延滞あり,テレビ,7418,不明・未開設,1年以上4年未満,1,独身男性,なし,1,不動産,27,なし,自己所有,1,非専門職,1,無,外国人労働者,優良顧客
口座未開設,24,問題履歴あり,テレビ,2684,100マルク未満,1年以上4年未満,4,独身男性,なし,2,不動産,35,なし,自己所有,2,非専門職,1,無,外国人労働者,優良顧客
0マルク未満,12,すべて延滞なし,テレビ,2149,100マルク未満,1年以上4年未満,4,離婚歴あり男性,なし,1,不明・資産なし,29,なし,無料物件,1,専門職,1,無,外国人労働者,不良顧客
口座未開設,15,延滞なし,中古車,3812,100以上500マルク未満,1年未満,1,結婚歴あり女性,なし,4,車・その他,23,なし,自己所有,1,専門職,1,有,外国人労働者,優良顧客
口座未開設,11,問題履歴あり,テレビ,1154,100以上500マルク未満,未就労,4,結婚歴あり女性,なし,4,不動産,57,なし,自己所有,3,非専門職,1,無,外国人労働者,優良顧客
0マルク未満,12,延滞なし,家具類,1657,100マルク未満,1年以上4年未満,2,独身男性,なし,2,不動産,27,なし,自己所有,1,専門職,1,無,外国人労働者,優良顧客
0マルク未満,24,延滞なし,テレビ,1603,100マルク未満,7年以上,4,結婚歴あり女性,なし,4,車・その他,55,なし,自己所有,1,専門職,1,無,外国人労働者,優良顧客
0マルク未満,18,問題履歴あり,新車,5302,100マルク未満,7年以上,2,独身男性,なし,4,不明・資産なし,36,なし,無料物件,3,管理職・自営業者,1,有,外国人労働者,優良顧客
口座未開設,12,問題履歴あり,教育費,2748,100マルク未満,7年以上,2,結婚歴あり女性,なし,4,不明・資産なし,57,銀行,無料物件,3,非専門職,1,無,外国人労働者,優良顧客
口座未開設,10,問題履歴あり,新車,1231,100マルク未満,7年以上,3,独身男性,なし,4,不動産,32,なし,自己所有,2,非専門職,2,無,非外国人労働者,優良顧客
200マルク未満,15,延滞なし,テレビ,802,100マルク未満,7年以上,4,独身男性,なし,3,車・その他,37,なし,自己所有,1,専門職,2,無,外国人労働者,不良顧客
口座未開設,36,問題履歴あり,ビジネス,6304,不明・未開設,7年以上,4,独身男性,なし,4,不動産,36,なし,自己所有,2,専門職,1,無,外国人労働者,優良顧客
口座未開設,24,延滞なし,テレビ,1533,100マルク未満,1年未満,4,結婚歴あり女性,なし,3,車・その他,38,商店,自己所有,1,専門職,1,有,外国人労働者,優良顧客
0マルク未満,14,延滞なし,新車,8978,100マルク未満,7年以上,1,離婚歴あり男性,なし,4,生命保険,45,なし,自己所有,1,管理職・自営業者,1,有,非外国人労働者,不良顧客
口座未開設,24,延滞なし,テレビ,999,不明・未開設,7年以上,4,独身男性,なし,2,車・その他,25,なし,自己所有,2,専門職,1,無,外国人労働者,優良顧客
口座未開設,18,延滞なし,新車,2662,不明・未開設,4年以上7年未満,4,独身男性,なし,3,生命保険,32,なし,自己所有,1,専門職,1,無,非外国人労働者,優良顧客
口座未開設,12,問題履歴あり,家具類,1402,500以上1000マルク未満,4年以上7年未満,3,結婚歴あり女性,なし,4,車・その他,37,なし,賃貸,1,専門職,1,有,外国人労働者,優良顧客
200マルク未満,48,すべて延滞なし,新車,12169,不明・未開設,未就労,4,独身男性,連帯債務者あり,4,不明・資産なし,36,なし,無料物件,1,管理職・自営業者,1,有,外国人労働者,優良顧客
200マルク未満,48,延滞なし,テレビ,3060,100マルク未満,4年以上7年未満,4,独身男性,なし,4,不動産,28,なし,自己所有,2,専門職,1,無,外国人労働者,不良顧客
0マルク未満,30,延滞なし,修繕費,11998,100マルク未満,1年未満,1,離婚歴あり男性,なし,1,不明・資産なし,34,なし,自己所有,1,非専門職,1,有,外国人労働者,不良顧客
口座未開設,9,延滞なし,テレビ,2697,100マルク未満,1年以上4年未満,1,独身男性,なし,2,不動産,32,なし,自己所有,1,専門職,2,無,外国人労働者,優良顧客
口座未開設,18,問題履歴あり,テレビ,2404,100マルク未満,1年以上4年未満,2,結婚歴あり女性,なし,2,車・その他,26,なし,自己所有,2,専門職,1,無,外国人労働者,優良顧客
0マルク未満,12,延滞なし,家具類,1262,不明・未開設,7年以上,2,離婚歴あり男性,なし,4,生命保険,49,なし,自己所有,1,非専門職,1,有,外国人労働者,優良顧客
口座未開設,6,延滞なし,家具類,4611,100マルク未満,1年未満,1,結婚歴あり女性,なし,4,生命保険,32,なし,自己所有,1,専門職,1,無,外国人労働者,不良顧客
口座未開設,24,延滞なし,テレビ,1901,100以上500マルク未満,1年以上4年未満,4,独身男性,なし,4,車・その他,29,なし,賃貸,1,管理職・自営業者,1,有,外国人労働者,優良顧客
口座未開設,15,問題履歴あり,中古車,3368,1000マルク以上,7年以上,3,独身男性,なし,4,不明・資産なし,23,なし,賃貸,2,専門職,1,有,外国人労働者,優良顧客
口座未開設,12,延滞なし,家具類,1574,100マルク未満,1年以上4年未満,4,独身男性,なし,2,不動産,50,なし,自己所有,1,専門職,1,無,外国人労働者,優良顧客
200マルク以上,18,すべて延滞なし,テレビ,1445,不明・未開設,4年以上7年未満,4,独身男性,なし,4,車・その他,49,銀行,自己所有,1,非専門職,1,無,外国人労働者,優良顧客
口座未開設,15,問題履歴あり,家具類,1520,不明・未開設,7年以上,4,独身男性,なし,4,生命保険,63,なし,自己所有,1,専門職,1,無,外国人労働者,優良顧客
200マルク未満,24,問題履歴あり,新車,3878,100以上500マルク未満,1年未満,4,離婚歴あり男性,なし,2,車・その他,37,なし,自己所有,1,専門職,1,有,外国人労働者,優良顧客
0マルク未満,47,延滞なし,新車,10722,100マルク未満,1年未満,1,結婚歴あり女性,なし,1,不動産,35,なし,自己所有,1,非専門職,1,有,外国人労働者,優良顧客
0マルク未満,48,延滞なし,中古車,4788,100マルク未満,4年以上7年未満,4,独身男性,なし,3,生命保険,26,なし,自己所有,1,専門職,2,無,外国人労働者,優良顧客
200マルク未満,48,延滞あり,その他,7582,100以上500マルク未満,未就労,2,独身男性,なし,4,不明・資産なし,31,なし,無料物件,1,管理職・自営業者,1,有,外国人労働者,優良顧客
200マルク未満,12,延滞なし,テレビ,1092,100マルク未満,1年以上4年未満,4,結婚歴あり女性,保証人あり,4,不動産,49,なし,自己所有,2,専門職,1,有,外国人労働者,優良顧客
0マルク未満,24,延滞あり,テレビ,1024,100マルク未満,1年未満,4,既婚男性,なし,4,不動産,48,商店,自己所有,1,専門職,1,無,外国人労働者,不良顧客
口座未開設,12,延滞なし,ビジネス,1076,100マルク未満,1年以上4年未満,2,既婚男性,なし,2,不動産,26,なし,自己所有,1,専門職,1,有,非外国人労働者,優良顧客
200マルク未満,36,延滞なし,中古車,9398,100マルク未満,1年未満,1,既婚男性,なし,4,車・その他,28,なし,賃貸,1,管理職・自営業者,1,有,外国人労働者,不良顧客
0マルク未満,24,問題履歴あり,中古車,6419,100マルク未満,7年以上,2,結婚歴あり女性,なし,4,不明・資産なし,44,なし,無料物件,2,管理職・自営業者,2,有,外国人労働者,優良顧客
200マルク以上,42,問題履歴あり,中古車,4796,100マルク未満,7年以上,4,独身男性,なし,4,不明・資産なし,56,なし,無料物件,1,専門職,1,無,外国人労働者,優良顧客
口座未開設,48,問題履歴あり,ビジネス,7629,不明・未開設,7年以上,4,離婚歴あり男性,なし,2,車・その他,46,銀行,自己所有,2,管理職・自営業者,2,無,外国人労働者,優良顧客
200マルク未満,48,延滞なし,家具類,9960,100マルク未満,1年未満,1,結婚歴あり女性,なし,2,車・その他,26,なし,自己所有,1,専門職,1,有,外国人労働者,不良顧客
口座未開設,12,延滞なし,中古車,4675,不明・未開設,1年未満,1,結婚歴あり女性,なし,4,車・その他,20,なし,賃貸,1,専門職,1,無,外国人労働者,優良顧客
口座未開設,10,延滞なし,新車,1287,不明・未開設,7年以上,4,独身男性,連帯債務者あり,2,生命保険,45,なし,自己所有,1,非専門職,1,無,非外国人労働者,優良顧客
口座未開設,18,延滞なし,家具類,2515,100マルク未満,1年以上4年未満,3,独身男性,なし,4,不動産,43,なし,自己所有,1,専門職,1,有,外国人労働者,優良顧客
200マルク未満,21,問題履歴あり,家具類,2745,1000マルク以上,4年以上7年未満,3,独身男性,なし,2,車・その他,32,なし,自己所有,2,専門職,1,有,外国人労働者,優良顧客
口座未開設,6,延滞なし,新車,672,100マルク未満,未就労,1,結婚歴あり女性,なし,4,不動産,54,なし,自己所有,1,非就労者・非正規労働者,1,有,外国人労働者,優良顧客
200マルク未満,36,利用歴なし,テレビ,3804,100マルク未満,1年以上4年未満,4,結婚歴あり女性,なし,1,車・その他,42,なし,自己所有,1,専門職,1,有,外国人労働者,不良顧客
200マルク以上,24,問題履歴あり,新車,1344,不明・未開設,4年以上7年未満,4,独身男性,なし,2,不動産,37,銀行,自己所有,2,非専門職,2,無,外国人労働者,不良顧客
0マルク未満,10,問題履歴あり,新車,1038,100マルク未満,4年以上7年未満,4,独身男性,連帯債務者あり,3,生命保険,49,なし,自己所有,2,専門職,1,有,外国人労働者,優良顧客
口座未開設,48,問題履歴あり,新車,10127,500以上1000マルク未満,1年以上4年未満,2,独身男性,なし,2,不明・資産なし,44,銀行,無料物件,1,専門職,1,無,外国人労働者,不良顧客
口座未開設,6,延滞なし,家具類,1543,1000マルク以上,1年以上4年未満,4,離婚歴あり男性,なし,2,不動産,33,なし,自己所有,1,専門職,1,無,外国人労働者,優良顧客
口座未開設,30,延滞なし,中古車,4811,不明・未開設,4年以上7年未満,2,結婚歴あり女性,なし,4,生命保険,24,商店,賃貸,1,非専門職,1,無,外国人労働者,優良顧客
0マルク未満,12,延滞なし,テレビ,727,100以上500マルク未満,1年未満,4,既婚男性,なし,3,不明・資産なし,33,なし,自己所有,1,非専門職,1,有,外国人労働者,不良顧客
200マルク未満,8,延滞なし,家具類,1237,100マルク未満,1年以上4年未満,3,結婚歴あり女性,なし,4,不動産,24,なし,自己所有,1,専門職,1,無,外国人労働者,不良顧客
200マルク未満,9,延滞なし,新車,276,100マルク未満,1年以上4年未満,4,既婚男性,なし,4,不動産,22,なし,賃貸,1,非専門職,1,無,外国人労働者,優良顧客
200マルク未満,48,延滞なし,その他,5381,不明・未開設,未就労,3,独身男性,なし,4,不明・資産なし,40,銀行,無料物件,1,非就労者・非正規労働者,1,有,外国人労働者,優良顧客
口座未開設,24,延滞なし,家具類,5511,100以上500マルク未満,1年以上4年未満,4,独身男性,なし,1,車・その他,25,商店,自己所有,1,専門職,1,無,外国人労働者,優良顧客
200マルク以上,24,延滞なし,家具類,3749,100マルク未満,1年未満,2,結婚歴あり女性,なし,4,車・その他,26,なし,自己所有,1,専門職,1,無,外国人労働者,優良顧客
200マルク未満,12,延滞なし,新車,685,100マルク未満,4年以上7年未満,2,既婚男性,なし,3,車・その他,25,銀行,自己所有,1,非専門職,1,無,外国人労働者,不良顧客
200マルク以上,4,延滞なし,新車,1494,不明・未開設,1年未満,1,独身男性,なし,2,不動産,29,なし,自己所有,1,非専門職,2,無,非外国人労働者,優良顧客
0マルク未満,36,すべて延滞なし,家具類,2746,100マルク未満,7年以上,4,独身男性,なし,4,車・その他,31,銀行,自己所有,1,専門職,1,無,外国人労働者,不良顧客
0マルク未満,12,延滞なし,家具類,708,100マルク未満,1年以上4年未満,2,独身男性,保証人あり,3,生命保険,38,なし,自己所有,1,非専門職,2,無,外国人労働者,優良顧客
200マルク未満,24,延滞なし,家具類,4351,不明・未開設,1年以上4年未満,1,結婚歴あり女性,なし,4,生命保険,48,なし,自己所有,1,非専門職,1,有,外国人労働者,優良顧客
口座未開設,12,問題履歴あり,教育費,701,100マルク未満,1年以上4年未満,4,独身男性,なし,2,車・その他,32,なし,自己所有,2,専門職,1,無,外国人労働者,優良顧客
0マルク未満,15,延滞あり,家具類,3643,100マルク未満,7年以上,1,結婚歴あり女性,なし,4,生命保険,27,なし,自己所有,2,非専門職,1,無,外国人労働者,優良顧客
200マルク未満,30,問題履歴あり,新車,4249,100マルク未満,未就労,4,既婚男性,なし,2,車・その他,28,なし,自己所有,2,管理職・自営業者,1,無,外国人労働者,不良顧客
0マルク未満,24,延滞なし,テレビ,1938,100マルク未満,1年未満,4,離婚歴あり男性,なし,3,生命保険,32,なし,自己所有,1,専門職,1,無,外国人労働者,不良顧客
0マルク未満,24,延滞なし,中古車,2910,100マルク未満,4年以上7年未満,2,独身男性,なし,1,不明・資産なし,34,なし,無料物件,1,管理職・自営業者,1,有,外国人労働者,優良顧客
0マルク未満,18,延滞なし,家具類,2659,1000マルク以上,1年以上4年未満,4,独身男性,なし,2,車・その他,28,なし,自己所有,1,専門職,1,無,外国人労働者,優良顧客
口座未開設,18,問題履歴あり,新車,1028,100マルク未満,1年以上4年未満,4,結婚歴あり女性,なし,3,不動産,36,なし,自己所有,2,専門職,1,無,外国人労働者,優良顧客
0マルク未満,8,問題履歴あり,新車,3398,100マルク未満,4年以上7年未満,1,独身男性,なし,4,不動産,39,なし,自己所有,2,非専門職,1,無,非外国人労働者,優良顧客
口座未開設,12,問題履歴あり,家具類,5801,不明・未開設,7年以上,2,独身男性,なし,4,生命保険,49,なし,賃貸,1,専門職,1,有,外国人労働者,優良顧客
口座未開設,24,延滞なし,新車,1525,1000マルク以上,4年以上7年未満,4,結婚歴あり女性,なし,3,車・その他,34,なし,自己所有,1,専門職,2,有,外国人労働者,優良顧客
200マルク以上,36,延滞なし,テレビ,4473,100マルク未満,7年以上,4,独身男性,なし,2,車・その他,31,なし,自己所有,1,専門職,1,無,外国人労働者,優良顧客
200マルク未満,6,延滞なし,テレビ,1068,100マルク未満,7年以上,4,独身男性,なし,4,車・その他,28,なし,自己所有,1,専門職,2,無,外国人労働者,優良顧客
0マルク未満,24,問題履歴あり,中古車,6615,100マルク未満,未就労,2,独身男性,なし,4,不明・資産なし,75,なし,無料物件,2,管理職・自営業者,1,有,外国人労働者,優良顧客
口座未開設,18,問題履歴あり,教育費,1864,100以上500マルク未満,1年以上4年未満,4,結婚歴あり女性,なし,2,不動産,30,なし,自己所有,2,専門職,1,無,外国人労働者,不良顧客
200マルク未満,60,延滞なし,新車,7408,100以上500マルク未満,1年未満,4,結婚歴あり女性,なし,2,生命保険,24,なし,自己所有,1,管理職・自営業者,1,無,外国人労働者,不良顧客
口座未開設,48,問題履歴あり,中古車,11590,100以上500マルク未満,1年以上4年未満,2,結婚歴あり女性,なし,4,車・その他,24,銀行,賃貸,2,非専門職,1,無,外国人労働者,不良顧客
0マルク未満,24,利用歴なし,家具類,4110,100マルク未満,7年以上,3,独身男性,なし,4,不明・資産なし,23,銀行,賃貸,2,専門職,2,無,外国人労働者,不良顧客
0マルク未満,6,問題履歴あり,家具類,3384,100マルク未満,1年以上4年未満,1,離婚歴あり男性,なし,4,不動産,44,なし,賃貸,1,管理職・自営業者,1,有,外国人労働者,不良顧客
200マルク未満,13,延滞なし,テレビ,2101,100マルク未満,1年未満,2,結婚歴あり女性,保証人あり,4,生命保険,23,なし,自己所有,1,非専門職,1,無,外国人労働者,優良顧客
0マルク未満,15,延滞なし,家庭電化製品,1275,不明・未開設,1年以上4年未満,4,結婚歴あり女性,なし,2,車・その他,24,なし,賃貸,1,専門職,1,無,外国人労働者,不良顧客
0マルク未満,24,延滞なし,家具類,4169,100マルク未満,1年以上4年未満,4,独身男性,なし,4,生命保険,28,なし,自己所有,1,専門職,1,無,外国人労働者,優良顧客
200マルク未満,10,延滞なし,家具類,1521,100マルク未満,1年以上4年未満,4,離婚歴あり男性,なし,2,車・その他,31,なし,自己所有,1,非専門職,1,無,外国人労働者,優良顧客
200マルク未満,24,問題履歴あり,教育費,5743,100マルク未満,1年未満,2,結婚歴あり女性,なし,4,不明・資産なし,24,なし,無料物件,2,専門職,1,有,外国人労働者,優良顧客
0マルク未満,21,延滞なし,家具類,3599,100マルク未満,4年以上7年未満,1,結婚歴あり女性,なし,4,車・その他,26,なし,賃貸,1,非専門職,1,無,外国人労働者,優良顧客
200マルク未満,18,延滞なし,テレビ,3213,500以上1000マルク未満,1年未満,1,既婚男性,なし,3,不動産,25,なし,賃貸,1,専門職,1,無,外国人労働者,優良顧客
200マルク未満,18,延滞なし,ビジネス,4439,100マルク未満,7年以上,1,独身男性,連帯債務者あり,1,不動産,33,銀行,自己所有,1,管理職・自営業者,1,有,外国人労働者,優良顧客
200マルク以上,10,延滞なし,新車,3949,100マルク未満,1年未満,1,独身男性,保証人あり,1,生命保険,37,なし,自己所有,1,非専門職,2,無,外国人労働者,優良顧客
口座未開設,15,問題履歴あり,テレビ,1459,100マルク未満,1年以上4年未満,4,結婚歴あり女性,なし,2,車・その他,43,なし,自己所有,1,非専門職,1,無,外国人労働者,優良顧客
200マルク未満,13,問題履歴あり,テレビ,882,100マルク未満,1年未満,4,独身男性,保証人あり,4,不動産,23,なし,自己所有,2,専門職,1,無,外国人労働者,優良顧客
200マルク未満,24,延滞なし,テレビ,3758,500以上1000マルク未満,未就労,1,結婚歴あり女性,なし,4,不明・資産なし,23,なし,賃貸,1,非就労者・非正規労働者,1,無,外国人労働者,優良顧客
口座未開設,6,延滞あり,ビジネス,1743,100以上500マルク未満,1年以上4年未満,1,独身男性,なし,2,不動産,34,なし,自己所有,2,非専門職,1,無,外国人労働者,優良顧客
200マルク未満,9,問題履歴あり,教育費,1136,1000マルク以上,7年以上,4,独身男性,なし,3,不明・資産なし,32,なし,無料物件,2,専門職,2,無,外国人労働者,不良顧客
口座未開設,9,延滞なし,家庭電化製品,1236,100マルク未満,1年未満,1,結婚歴あり女性,なし,4,不動産,23,なし,賃貸,1,専門職,1,有,外国人労働者,優良顧客
200マルク未満,9,延滞なし,家具類,959,100マルク未満,1年以上4年未満,1,結婚歴あり女性,なし,2,車・その他,29,なし,自己所有,1,専門職,1,無,非外国人労働者,不良顧客
口座未開設,18,問題履歴あり,中古車,3229,不明・未開設,未就労,2,独身男性,なし,4,不明・資産なし,38,なし,自己所有,1,管理職・自営業者,1,有,外国人労働者,優良顧客
0マルク未満,12,利用歴なし,テレビ,6199,100マルク未満,1年以上4年未満,4,独身男性,なし,2,生命保険,28,なし,賃貸,2,専門職,1,有,外国人労働者,不良顧客
口座未開設,10,延滞なし,教育費,727,500以上1000マルク未満,7年以上,4,独身男性,なし,4,不明・資産なし,46,なし,無料物件,1,専門職,1,有,外国人労働者,優良顧客
200マルク未満,24,延滞なし,新車,1246,100マルク未満,1年未満,4,独身男性,なし,2,不動産,23,商店,自己所有,1,非専門職,1,無,外国人労働者,不良顧客
口座未開設,12,問題履歴あり,テレビ,2331,不明・未開設,7年以上,1,独身男性,連帯債務者あり,4,不動産,49,なし,自己所有,1,専門職,1,有,外国人労働者,優良顧客
口座未開設,36,延滞あり,テレビ,4463,100マルク未満,1年以上4年未満,4,独身男性,なし,2,車・その他,26,なし,自己所有,2,管理職・自営業者,1,有,外国人労働者,不良顧客
口座未開設,12,延滞なし,テレビ,776,100マルク未満,1年以上4年未満,4,既婚男性,なし,2,不動産,28,なし,自己所有,1,専門職,1,無,外国人労働者,優良顧客
0マルク未満,30,延滞なし,家具類,2406,100マルク未満,4年以上7年未満,4,結婚歴あり女性,なし,4,不動産,23,なし,賃貸,1,専門職,1,無,外国人労働者,不良顧客
200マルク未満,18,延滞なし,教育費,1239,不明・未開設,1年以上4年未満,4,独身男性,なし,4,不明・資産なし,61,なし,無料物件,1,専門職,1,無,外国人労働者,優良顧客
200マルク以上,12,延滞なし,テレビ,3399,不明・未開設,7年以上,2,独身男性,なし,3,車・その他,37,なし,自己所有,1,管理職・自営業者,1,無,外国人労働者,優良顧客
200マルク以上,12,延滞あり,新車,2247,100マルク未満,1年以上4年未満,2,結婚歴あり女性,なし,2,車・その他,36,商店,自己所有,2,専門職,1,有,外国人労働者,優良顧客
口座未開設,6,延滞なし,家具類,1766,100マルク未満,1年以上4年未満,1,既婚男性,なし,2,生命保険,21,なし,賃貸,1,専門職,1,無,外国人労働者,優良顧客
0マルク未満,18,延滞なし,家具類,2473,100マルク未満,未就労,4,独身男性,なし,1,車・その他,25,なし,自己所有,1,非就労者・非正規労働者,1,無,外国人労働者,不良顧客
口座未開設,12,延滞なし,ビジネス,1542,100マルク未満,4年以上7年未満,2,独身男性,なし,4,車・その他,36,なし,自己所有,1,専門職,1,有,外国人労働者,優良顧客
口座未開設,18,問題履歴あり,中古車,3850,100マルク未満,4年以上7年未満,3,独身男性,なし,1,車・その他,27,なし,自己所有,2,専門職,1,無,外国人労働者,優良顧客
0マルク未満,18,延滞なし,家具類,3650,100マルク未満,1年未満,1,結婚歴あり女性,なし,4,車・その他,22,なし,賃貸,1,専門職,1,無,外国人労働者,優良顧客
0マルク未満,36,延滞なし,家具類,3446,100マルク未満,7年以上,4,独身男性,なし,2,車・その他,42,なし,自己所有,1,専門職,2,無,外国人労働者,不良顧客
200マルク未満,18,延滞なし,家具類,3001,100マルク未満,4年以上7年未満,2,結婚歴あり女性,なし,4,不動産,40,なし,賃貸,1,専門職,1,無,外国人労働者,優良顧客
口座未開設,36,延滞なし,新車,3079,不明・未開設,1年以上4年未満,4,独身男性,なし,4,不動産,36,なし,自己所有,1,専門職,1,無,外国人労働者,優良顧客
口座未開設,18,問題履歴あり,テレビ,6070,100マルク未満,7年以上,3,独身男性,なし,4,車・その他,33,なし,自己所有,2,専門職,1,有,外国人労働者,優良顧客
口座未開設,10,問題履歴あり,家具類,2146,100マルク未満,1年未満,1,結婚歴あり女性,なし,3,不動産,23,なし,賃貸,2,専門職,1,無,外国人労働者,優良顧客
口座未開設,60,問題履歴あり,新車,13756,不明・未開設,7年以上,2,独身男性,なし,4,不明・資産なし,63,銀行,無料物件,1,管理職・自営業者,1,有,外国人労働者,優良顧客
200マルク未満,60,すべて延滞なし,その他,14782,100以上500マルク未満,7年以上,3,結婚歴あり女性,なし,4,不明・資産なし,60,銀行,無料物件,2,管理職・自営業者,1,有,外国人労働者,不良顧客
0マルク未満,48,すべて延滞なし,ビジネス,7685,100マルク未満,4年以上7年未満,2,結婚歴あり女性,保証人あり,4,車・その他,37,なし,賃貸,1,専門職,1,無,外国人労働者,不良顧客
口座未開設,18,延滞あり,テレビ,2320,100マルク未満,未就労,2,既婚男性,なし,3,不動産,34,なし,自己所有,2,専門職,1,無,外国人労働者,優良顧客
口座未開設,7,延滞あり,テレビ,846,不明・未開設,7年以上,3,独身男性,なし,4,不明・資産なし,36,なし,無料物件,1,専門職,1,無,外国人労働者,優良顧客
200マルク未満,36,延滞なし,新車,14318,100マルク未満,7年以上,4,独身男性,なし,2,不明・資産なし,57,なし,無料物件,1,管理職・自営業者,1,有,外国人労働者,不良顧客
口座未開設,6,問題履歴あり,新車,362,100以上500マルク未満,1年以上4年未満,4,結婚歴あり女性,なし,4,車・その他,52,なし,自己所有,2,非専門職,1,無,外国人労働者,優良顧客
0マルク未満,20,延滞なし,家具類,2212,不明・未開設,4年以上7年未満,4,独身男性,なし,4,車・その他,39,なし,自己所有,1,専門職,1,有,外国人労働者,優良顧客
200マルク未満,18,延滞なし,中古車,12976,100マルク未満,未就労,3,結婚歴あり女性,なし,4,不明・資産なし,38,なし,無料物件,1,管理職・自営業者,1,有,外国人労働者,不良顧客
口座未開設,22,延滞なし,新車,1283,不明・未開設,4年以上7年未満,4,結婚歴あり女性,なし,4,生命保険,25,なし,賃貸,1,専門職,1,無,外国人労働者,優良顧客
200マルク以上,12,延滞なし,新車,1330,100マルク未満,1年未満,4,独身男性,なし,1,不動産,26,なし,自己所有,1,専門職,1,無,外国人労働者,優良顧客
口座未開設,30,延滞あり,ビジネス,4272,100以上500マルク未満,1年以上4年未満,2,独身男性,なし,2,生命保険,26,なし,自己所有,2,非専門職,1,無,外国人労働者,優良顧客
口座未開設,18,問題履歴あり,テレビ,2238,100マルク未満,1年以上4年未満,2,結婚歴あり女性,なし,1,車・その他,25,なし,自己所有,2,専門職,1,無,外国人労働者,優良顧客
口座未開設,18,延滞なし,テレビ,1126,不明・未開設,1年未満,4,結婚歴あり女性,なし,2,不動産,21,なし,賃貸,1,専門職,1,有,外国人労働者,優良顧客
200マルク未満,18,問題履歴あり,家具類,7374,100マルク未満,未就労,4,独身男性,なし,4,生命保険,40,商店,自己所有,2,管理職・自営業者,1,有,外国人労働者,優良顧客
200マルク未満,15,問題履歴あり,ビジネス,2326,500以上1000マルク未満,1年以上4年未満,2,独身男性,なし,4,車・その他,27,銀行,自己所有,1,専門職,1,無,外国人労働者,優良顧客
口座未開設,9,延滞なし,ビジネス,1449,100マルク未満,4年以上7年未満,3,結婚歴あり女性,なし,2,車・その他,27,なし,自己所有,2,専門職,1,無,外国人労働者,優良顧客
口座未開設,18,延滞なし,新車,1820,100マルク未満,1年以上4年未満,2,既婚男性,なし,2,生命保険,30,なし,自己所有,1,管理職・自営業者,1,有,外国人労働者,優良顧客
200マルク未満,12,延滞なし,家具類,983,1000マルク以上,1年未満,1,結婚歴あり女性,なし,4,不動産,19,なし,賃貸,1,非専門職,1,無,外国人労働者,優良顧客
0マルク未満,36,延滞なし,新車,3249,100マルク未満,4年以上7年未満,2,独身男性,なし,4,不明・資産なし,39,銀行,無料物件,1,管理職・自営業者,2,有,外国人労働者,優良顧客
0マルク未満,6,問題履歴あり,テレビ,1957,100マルク未満,4年以上7年未満,1,結婚歴あり女性,なし,4,車・その他,31,なし,自己所有,1,専門職,1,無,外国人労働者,優良顧客
口座未開設,9,問題履歴あり,家具類,2406,100マルク未満,未就労,2,独身男性,なし,3,車・その他,31,なし,自己所有,1,管理職・自営業者,1,無,外国人労働者,優良顧客
200マルク未満,39,延滞あり,教育費,11760,100以上500マルク未満,4年以上7年未満,2,独身男性,なし,3,不明・資産なし,32,なし,賃貸,1,専門職,1,有,外国人労働者,優良顧客
0マルク未満,12,延滞なし,家具類,2578,100マルク未満,未就労,3,結婚歴あり女性,なし,4,不明・資産なし,55,なし,無料物件,1,管理職・自営業者,1,無,外国人労働者,優良顧客
0マルク未満,36,問題履歴あり,家具類,2348,100マルク未満,1年以上4年未満,3,既婚男性,なし,2,生命保険,46,なし,自己所有,2,専門職,1,有,外国人労働者,優良顧客
200マルク未満,12,延滞なし,新車,1223,100マルク未満,7年以上,1,離婚歴あり男性,なし,1,不動産,46,なし,賃貸,2,専門職,1,無,外国人労働者,不良顧客
口座未開設,24,問題履歴あり,テレビ,1516,1000マルク以上,1年以上4年未満,4,結婚歴あり女性,なし,1,不動産,43,なし,自己所有,2,非専門職,1,無,外国人労働者,優良顧客
口座未開設,18,延滞なし,テレビ,1473,100マルク未満,1年未満,3,既婚男性,なし,4,不動産,39,なし,自己所有,1,専門職,1,有,外国人労働者,優良顧客
200マルク未満,18,問題履歴あり,ビジネス,1887,不明・未開設,1年以上4年未満,4,既婚男性,なし,4,不動産,28,銀行,自己所有,2,専門職,1,無,外国人労働者,優良顧客
口座未開設,24,延滞あり,ビジネス,8648,100マルク未満,1年未満,2,独身男性,なし,2,車・その他,27,銀行,自己所有,2,専門職,1,有,外国人労働者,不良顧客
口座未開設,14,延滞あり,新車,802,100マルク未満,1年以上4年未満,4,独身男性,なし,2,車・その他,27,なし,自己所有,2,非専門職,1,無,外国人労働者,優良顧客
200マルク未満,18,延滞あり,新車,2899,不明・未開設,7年以上,4,独身男性,なし,4,車・その他,43,なし,自己所有,1,専門職,2,無,外国人労働者,優良顧客
200マルク未満,24,延滞なし,テレビ,2039,100マルク未満,1年未満,1,既婚男性,なし,1,生命保険,22,なし,自己所有,1,専門職,1,有,外国人労働者,不良顧客
口座未開設,24,問題履歴あり,中古車,2197,不明・未開設,4年以上7年未満,4,独身男性,なし,4,車・その他,43,なし,自己所有,2,専門職,2,有,外国人労働者,優良顧客
0マルク未満,15,延滞なし,テレビ,1053,100マルク未満,1年未満,4,既婚男性,なし,2,不動産,27,なし,自己所有,1,専門職,1,無,非外国人労働者,優良顧客
口座未開設,24,延滞なし,テレビ,3235,500以上1000マルク未満,7年以上,3,離婚歴あり男性,なし,2,車・その他,26,なし,自己所有,1,管理職・自営業者,1,有,外国人労働者,優良顧客
200マルク以上,12,問題履歴あり,新車,939,500以上1000マルク未満,4年以上7年未満,4,既婚男性,なし,2,不動産,28,なし,自己所有,3,専門職,1,有,外国人労働者,不良顧客
200マルク未満,24,延滞なし,テレビ,1967,100マルク未満,7年以上,4,結婚歴あり女性,なし,4,車・その他,20,なし,自己所有,1,専門職,1,有,外国人労働者,優良顧客
口座未開設,33,問題履歴あり,中古車,7253,100マルク未満,4年以上7年未満,3,独身男性,なし,2,車・その他,35,なし,自己所有,2,管理職・自営業者,1,有,外国人労働者,優良顧客
口座未開設,12,問題履歴あり,ビジネス,2292,100マルク未満,未就労,4,独身男性,なし,2,車・その他,42,商店,自己所有,2,管理職・自営業者,1,有,外国人労働者,不良顧客
口座未開設,10,延滞なし,新車,1597,500以上1000マルク未満,1年以上4年未満,3,独身男性,なし,2,不明・資産なし,40,なし,賃貸,1,非専門職,2,無,非外国人労働者,優良顧客
0マルク未満,24,延滞なし,新車,1381,不明・未開設,1年以上4年未満,4,結婚歴あり女性,なし,2,生命保険,35,なし,自己所有,1,専門職,1,無,外国人労働者,不良顧客
口座未開設,36,問題履歴あり,中古車,5842,100マルク未満,7年以上,2,独身男性,なし,2,生命保険,35,なし,自己所有,2,専門職,2,有,外国人労働者,優良顧客
0マルク未満,12,延滞なし,新車,2579,100マルク未満,1年未満,4,独身男性,なし,1,不動産,33,なし,自己所有,1,非専門職,2,無,外国人労働者,不良顧客
0マルク未満,18,延滞あり,教育費,8471,不明・未開設,1年以上4年未満,1,結婚歴あり女性,なし,2,車・その他,23,なし,賃貸,2,専門職,1,有,外国人労働者,優良顧客
口座未開設,21,延滞なし,新車,2782,500以上1000マルク未満,4年以上7年未満,1,結婚歴あり女性,なし,2,車・その他,31,銀行,自己所有,1,管理職・自営業者,1,無,外国人労働者,優良顧客
200マルク未満,18,延滞なし,新車,1042,不明・未開設,1年以上4年未満,4,結婚歴あり女性,なし,2,生命保険,33,なし,自己所有,1,専門職,1,無,外国人労働者,不良顧客
口座未開設,15,延滞なし,新車,3186,1000マルク以上,4年以上7年未満,2,結婚歴あり女性,なし,3,車・その他,20,なし,賃貸,1,専門職,1,無,外国人労働者,優良顧客
200マルク未満,12,延滞なし,中古車,2028,不明・未開設,1年以上4年未満,4,独身男性,なし,2,車・その他,30,なし,自己所有,1,専門職,1,無,外国人労働者,優良顧客
200マルク未満,12,問題履歴あり,新車,958,100マルク未満,4年以上7年未満,2,独身男性,なし,3,不動産,47,なし,自己所有,2,非専門職,2,無,外国人労働者,優良顧客
口座未開設,21,延滞あり,家具類,1591,100以上500マルク未満,4年以上7年未満,4,独身男性,なし,3,不動産,34,なし,自己所有,2,管理職・自営業者,1,無,外国人労働者,優良顧客
200マルク未満,12,延滞なし,家具類,2762,不明・未開設,7年以上,1,結婚歴あり女性,なし,2,生命保険,25,銀行,自己所有,1,専門職,1,有,外国人労働者,不良顧客
200マルク未満,18,延滞なし,中古車,2779,100マルク未満,1年以上4年未満,1,既婚男性,なし,3,車・その他,21,なし,賃貸,1,専門職,1,有,外国人労働者,優良顧客
口座未開設,28,問題履歴あり,テレビ,2743,100マルク未満,7年以上,4,独身男性,なし,2,車・その他,29,なし,自己所有,2,専門職,1,無,外国人労働者,優良顧客
口座未開設,18,問題履歴あり,テレビ,1149,1000マルク以上,1年以上4年未満,4,独身男性,なし,3,不動産,46,なし,自己所有,2,専門職,1,無,外国人労働者,優良顧客
口座未開設,9,延滞なし,家具類,1313,100マルク未満,7年以上,1,独身男性,なし,4,車・その他,20,なし,自己所有,1,専門職,1,無,外国人労働者,優良顧客
0マルク未満,18,問題履歴あり,修繕費,1190,100マルク未満,未就労,2,結婚歴あり女性,なし,4,不明・資産なし,55,なし,無料物件,3,非就労者・非正規労働者,2,無,外国人労働者,不良顧客
口座未開設,5,延滞なし,ビジネス,3448,100マルク未満,4年以上7年未満,1,独身男性,なし,4,不動産,74,なし,自己所有,1,非専門職,1,無,外国人労働者,優良顧客
200マルク未満,24,延滞なし,その他,11328,100マルク未満,1年以上4年未満,2,独身男性,連帯債務者あり,3,車・その他,29,銀行,自己所有,2,管理職・自営業者,1,有,外国人労働者,不良顧客
0マルク未満,6,問題履歴あり,家具類,1872,100マルク未満,未就労,4,独身男性,なし,4,不明・資産なし,36,なし,無料物件,3,管理職・自営業者,1,有,外国人労働者,優良顧客
口座未開設,24,問題履歴あり,修繕費,2058,100マルク未満,1年以上4年未満,4,離婚歴あり男性,なし,2,不動産,33,なし,自己所有,2,専門職,1,有,外国人労働者,優良顧客
0マルク未満,9,延滞なし,家具類,2136,100マルク未満,1年以上4年未満,3,独身男性,なし,2,不動産,25,なし,自己所有,1,専門職,1,無,外国人労働者,優良顧客
200マルク未満,12,延滞なし,テレビ,1484,不明・未開設,1年以上4年未満,2,既婚男性,なし,1,不動産,25,なし,自己所有,1,専門職,1,有,外国人労働者,不良顧客
口座未開設,6,延滞なし,修繕費,660,500以上1000マルク未満,4年以上7年未満,2,既婚男性,なし,4,不動産,23,なし,賃貸,1,非専門職,1,無,外国人労働者,優良顧客
口座未開設,24,問題履歴あり,新車,1287,1000マルク以上,7年以上,4,結婚歴あり女性,なし,4,不動産,37,なし,自己所有,2,専門職,1,有,外国人労働者,優良顧客
0マルク未満,42,問題履歴あり,修繕費,3394,100マルク未満,未就労,4,独身男性,連帯債務者あり,4,車・その他,65,なし,自己所有,2,非就労者・非正規労働者,1,無,外国人労働者,優良顧客
200マルク以上,12,すべて延滞なし,ビジネス,609,100マルク未満,1年未満,4,結婚歴あり女性,なし,1,不動産,26,なし,自己所有,1,非就労者・非正規労働者,1,無,外国人労働者,不良顧客
口座未開設,12,延滞なし,新車,1884,100マルク未満,7年以上,4,独身男性,なし,4,車・その他,39,なし,自己所有,1,管理職・自営業者,1,有,外国人労働者,優良顧客
0マルク未満,12,延滞なし,家具類,1620,100マルク未満,1年以上4年未満,2,結婚歴あり女性,連帯債務者あり,3,生命保険,30,なし,自己所有,1,専門職,1,無,外国人労働者,優良顧客
200マルク未満,20,延滞あり,その他,2629,100マルク未満,1年以上4年未満,2,独身男性,なし,3,車・その他,29,銀行,自己所有,2,専門職,1,有,外国人労働者,優良顧客
口座未開設,12,延滞なし,教育費,719,100マルク未満,7年以上,4,独身男性,なし,4,車・その他,41,銀行,自己所有,1,非専門職,2,無,外国人労働者,不良顧客
200マルク未満,48,問題履歴あり,家具類,5096,100マルク未満,1年以上4年未満,2,結婚歴あり女性,なし,3,車・その他,30,なし,自己所有,1,管理職・自営業者,1,有,外国人労働者,不良顧客
口座未開設,9,問題履歴あり,教育費,1244,不明・未開設,7年以上,4,結婚歴あり女性,なし,4,生命保険,41,なし,賃貸,2,非専門職,1,無,外国人労働者,優良顧客
0マルク未満,36,延滞なし,新車,1842,100マルク未満,1年未満,4,結婚歴あり女性,なし,4,車・その他,34,なし,自己所有,1,専門職,1,有,外国人労働者,不良顧客
200マルク未満,7,延滞なし,テレビ,2576,100マルク未満,1年以上4年未満,2,独身男性,保証人あり,2,不動産,35,なし,自己所有,1,専門職,1,無,外国人労働者,優良顧客
200マルク以上,12,延滞なし,家具類,1424,不明・未開設,7年以上,3,結婚歴あり女性,なし,4,不動産,55,なし,自己所有,1,管理職・自営業者,1,有,外国人労働者,優良顧客
200マルク未満,15,延滞あり,修繕費,1512,1000マルク以上,1年以上4年未満,3,既婚男性,なし,3,生命保険,61,商店,自己所有,2,専門職,1,無,外国人労働者,不良顧客
口座未開設,36,問題履歴あり,中古車,11054,不明・未開設,1年以上4年未満,4,独身男性,なし,2,車・その他,30,なし,自己所有,1,管理職・自営業者,1,有,外国人労働者,優良顧客
口座未開設,6,延滞なし,テレビ,518,100マルク未満,1年以上4年未満,3,結婚歴あり女性,なし,1,不動産,29,なし,自己所有,1,専門職,1,無,外国人労働者,優良顧客
口座未開設,12,利用歴なし,家具類,2759,100マルク未満,7年以上,2,独身男性,なし,4,生命保険,34,なし,自己所有,2,専門職,1,無,外国人労働者,優良顧客
口座未開設,24,延滞なし,中古車,2670,100マルク未満,7年以上,4,独身男性,なし,4,車・その他,35,なし,自己所有,1,管理職・自営業者,1,有,外国人労働者,優良顧客
0マルク未満,24,延滞なし,新車,4817,100マルク未満,4年以上7年未満,2,独身男性,連帯債務者あり,3,生命保険,31,なし,自己所有,1,専門職,1,有,外国人労働者,不良顧客
口座未開設,24,延滞なし,中古車,2679,100マルク未満,1年未満,4,結婚歴あり女性,なし,1,不明・資産なし,29,なし,自己所有,1,管理職・自営業者,1,有,外国人労働者,優良顧客
0マルク未満,11,問題履歴あり,新車,3905,100マルク未満,1年以上4年未満,2,独身男性,なし,2,不動産,36,なし,賃貸,2,専門職,2,無,外国人労働者,優良顧客
0マルク未満,12,延滞なし,中古車,3386,100マルク未満,7年以上,3,独身男性,なし,4,不明・資産なし,35,なし,無料物件,1,専門職,1,有,外国人労働者,不良顧客
0マルク未満,6,延滞なし,家庭電化製品,343,100マルク未満,1年未満,4,結婚歴あり女性,なし,1,不動産,27,なし,自己所有,1,専門職,1,無,外国人労働者,優良顧客
口座未開設,18,延滞なし,テレビ,4594,100マルク未満,1年未満,3,独身男性,なし,2,車・その他,32,なし,自己所有,1,専門職,1,有,外国人労働者,優良顧客
0マルク未満,36,延滞なし,家具類,3620,100マルク未満,1年以上4年未満,1,独身男性,保証人あり,2,生命保険,37,なし,自己所有,1,専門職,2,無,外国人労働者,優良顧客
0マルク未満,15,延滞なし,新車,1721,100マルク未満,1年未満,2,独身男性,なし,3,不動産,36,なし,自己所有,1,専門職,1,無,外国人労働者,優良顧客
200マルク未満,12,延滞なし,家具類,3017,100マルク未満,1年未満,3,結婚歴あり女性,なし,1,不動産,34,なし,賃貸,1,管理職・自営業者,1,無,外国人労働者,優良顧客
200マルク未満,12,延滞なし,職業訓練,754,不明・未開設,7年以上,4,独身男性,なし,4,生命保険,38,なし,自己所有,2,専門職,1,無,外国人労働者,優良顧客
口座未開設,18,延滞なし,ビジネス,1950,100マルク未満,4年以上7年未満,4,独身男性,なし,1,車・その他,34,商店,自己所有,2,専門職,1,有,外国人労働者,優良顧客
0マルク未満,24,延滞なし,中古車,2924,100マルク未満,1年以上4年未満,3,独身男性,保証人あり,4,不明・資産なし,63,銀行,自己所有,1,専門職,2,有,外国人労働者,優良顧客
0マルク未満,24,延滞あり,テレビ,1659,100マルク未満,1年未満,4,結婚歴あり女性,なし,2,車・その他,29,なし,賃貸,1,非専門職,1,有,外国人労働者,不良顧客
口座未開設,48,延滞あり,テレビ,7238,不明・未開設,7年以上,3,独身男性,なし,3,車・その他,32,銀行,自己所有,2,専門職,2,無,外国人労働者,優良顧客
口座未開設,33,延滞あり,ビジネス,2764,100マルク未満,1年以上4年未満,2,結婚歴あり女性,なし,2,車・その他,26,なし,自己所有,2,専門職,1,有,外国人労働者,優良顧客
口座未開設,24,延滞あり,中古車,4679,100マルク未満,4年以上7年未満,3,独身男性,なし,3,車・その他,35,なし,自己所有,2,非専門職,1,有,外国人労働者,優良顧客
200マルク未満,24,延滞なし,テレビ,3092,100以上500マルク未満,1年未満,3,既婚男性,なし,2,車・その他,22,なし,賃貸,1,専門職,1,有,外国人労働者,不良顧客
0マルク未満,6,延滞なし,教育費,448,100マルク未満,1年未満,4,結婚歴あり女性,なし,4,生命保険,23,なし,自己所有,1,専門職,1,無,外国人労働者,不良顧客
0マルク未満,9,延滞なし,新車,654,100マルク未満,1年以上4年未満,4,独身男性,なし,3,車・その他,28,なし,自己所有,1,非専門職,1,無,外国人労働者,不良顧客
口座未開設,6,延滞なし,職業訓練,1238,不明・未開設,未就労,4,独身男性,なし,4,生命保険,36,なし,自己所有,1,管理職・自営業者,2,有,外国人労働者,優良顧客
200マルク未満,18,問題履歴あり,テレビ,1245,100マルク未満,1年以上4年未満,4,既婚男性,なし,2,車・その他,33,なし,自己所有,1,専門職,1,無,外国人労働者,不良顧客
0マルク未満,18,利用歴なし,家具類,3114,100マルク未満,1年未満,1,結婚歴あり女性,なし,4,生命保険,26,なし,賃貸,1,専門職,1,無,外国人労働者,不良顧客
口座未開設,39,延滞なし,中古車,2569,500以上1000マルク未満,1年以上4年未満,4,独身男性,なし,4,車・その他,24,なし,自己所有,1,専門職,1,無,外国人労働者,優良顧客
200マルク以上,24,延滞なし,テレビ,5152,100マルク未満,4年以上7年未満,4,独身男性,なし,2,車・その他,25,銀行,自己所有,1,専門職,1,無,外国人労働者,優良顧客
200マルク未満,12,延滞なし,ビジネス,1037,100以上500マルク未満,4年以上7年未満,3,独身男性,なし,4,不動産,39,なし,自己所有,1,非専門職,1,無,外国人労働者,優良顧客
0マルク未満,15,問題履歴あり,家具類,1478,100マルク未満,7年以上,4,独身男性,なし,4,車・その他,44,なし,自己所有,2,専門職,2,有,外国人労働者,優良顧客
200マルク未満,12,問題履歴あり,テレビ,3573,100マルク未満,1年以上4年未満,1,結婚歴あり女性,なし,1,不動産,23,なし,自己所有,1,非専門職,1,無,外国人労働者,優良顧客
200マルク未満,24,延滞なし,新車,1201,100マルク未満,1年未満,4,独身男性,なし,1,生命保険,26,なし,自己所有,1,専門職,1,無,外国人労働者,優良顧客
0マルク未満,30,延滞なし,家具類,3622,1000マルク以上,7年以上,4,結婚歴あり女性,なし,4,生命保険,57,なし,賃貸,2,専門職,1,有,外国人労働者,優良顧客
口座未開設,15,延滞あり,家具類,960,1000マルク以上,4年以上7年未満,3,結婚歴あり女性,なし,2,生命保険,30,なし,自己所有,2,専門職,1,無,外国人労働者,優良顧客
口座未開設,12,問題履歴あり,新車,1163,500以上1000マルク未満,1年以上4年未満,4,独身男性,なし,4,不動産,44,なし,自己所有,1,専門職,1,有,外国人労働者,優良顧客
200マルク未満,6,延滞あり,新車,1209,100マルク未満,未就労,4,独身男性,なし,4,生命保険,47,なし,自己所有,1,管理職・自営業者,1,有,外国人労働者,不良顧客
口座未開設,12,延滞なし,テレビ,3077,100マルク未満,1年以上4年未満,2,独身男性,なし,4,車・その他,52,なし,自己所有,1,専門職,1,有,外国人労働者,優良顧客
口座未開設,24,延滞なし,新車,3757,100マルク未満,7年以上,4,結婚歴あり女性,連帯債務者あり,4,不明・資産なし,62,なし,無料物件,1,専門職,1,有,外国人労働者,優良顧客
口座未開設,10,延滞なし,新車,1418,100以上500マルク未満,1年以上4年未満,3,独身男性,なし,2,不動産,35,なし,賃貸,1,非専門職,1,無,非外国人労働者,優良顧客
口座未開設,6,延滞なし,新車,3518,100マルク未満,1年以上4年未満,2,独身男性,保証人あり,3,生命保険,26,なし,賃貸,1,専門職,1,無,外国人労働者,優良顧客
口座未開設,12,問題履歴あり,テレビ,1934,100マルク未満,7年以上,2,独身男性,なし,2,不明・資産なし,26,なし,自己所有,2,専門職,1,無,外国人労働者,優良顧客
200マルク未満,27,利用歴なし,ビジネス,8318,100マルク未満,7年以上,2,結婚歴あり女性,なし,4,不明・資産なし,42,なし,無料物件,2,管理職・自営業者,1,有,外国人労働者,不良顧客
口座未開設,6,問題履歴あり,テレビ,1237,100以上500マルク未満,1年以上4年未満,1,結婚歴あり女性,なし,1,生命保険,27,なし,自己所有,2,専門職,1,無,外国人労働者,優良顧客
200マルク未満,6,延滞なし,テレビ,368,不明・未開設,7年以上,4,独身男性,なし,4,生命保険,38,なし,自己所有,1,専門職,1,無,外国人労働者,優良顧客
0マルク未満,12,問題履歴あり,新車,2122,100マルク未満,1年以上4年未満,3,独身男性,なし,2,不動産,39,なし,賃貸,2,非専門職,2,無,非外国人労働者,優良顧客
0マルク未満,24,延滞なし,家具類,2996,不明・未開設,1年以上4年未満,2,既婚男性,なし,4,車・その他,20,なし,自己所有,1,専門職,1,無,外国人労働者,不良顧客
200マルク未満,36,延滞なし,家具類,9034,100以上500マルク未満,1年未満,4,独身男性,連帯債務者あり,1,不明・資産なし,29,なし,賃貸,1,管理職・自営業者,1,有,外国人労働者,不良顧客
口座未開設,24,問題履歴あり,家具類,1585,100マルク未満,4年以上7年未満,4,独身男性,なし,3,生命保険,40,なし,自己所有,2,専門職,1,無,外国人労働者,優良顧客
200マルク未満,18,延滞なし,テレビ,1301,100マルク未満,7年以上,4,既婚男性,保証人あり,2,不動産,32,なし,自己所有,1,非専門職,1,無,外国人労働者,優良顧客
200マルク以上,6,問題履歴あり,新車,1323,100以上500マルク未満,7年以上,2,離婚歴あり男性,なし,4,車・その他,28,なし,自己所有,2,専門職,2,有,外国人労働者,優良顧客
0マルク未満,24,延滞なし,新車,3123,100マルク未満,1年未満,4,結婚歴あり女性,なし,1,生命保険,27,なし,自己所有,1,専門職,1,無,外国人労働者,不良顧客
0マルク未満,36,延滞なし,中古車,5493,100マルク未満,7年以上,2,独身男性,なし,4,不明・資産なし,42,なし,無料物件,1,専門職,2,無,外国人労働者,優良顧客
200マルク以上,9,延滞なし,テレビ,1126,100以上500マルク未満,7年以上,2,離婚歴あり男性,なし,4,不動産,49,なし,自己所有,1,専門職,1,無,外国人労働者,優良顧客
200マルク未満,24,問題履歴あり,テレビ,1216,100以上500マルク未満,1年未満,4,独身男性,なし,4,不明・資産なし,38,銀行,自己所有,2,専門職,2,無,外国人労働者,不良顧客
0マルク未満,24,延滞なし,新車,1207,100マルク未満,1年未満,4,結婚歴あり女性,なし,4,生命保険,24,なし,賃貸,1,専門職,1,無,外国人労働者,不良顧客
口座未開設,10,延滞なし,新車,1309,不明・未開設,1年以上4年未満,4,独身男性,保証人あり,4,生命保険,27,なし,自己所有,1,非専門職,1,無,外国人労働者,不良顧客
200マルク以上,15,問題履歴あり,中古車,2360,500以上1000マルク未満,1年以上4年未満,2,独身男性,なし,2,車・その他,36,なし,自己所有,1,専門職,1,有,外国人労働者,優良顧客
200マルク未満,15,すべて延滞なし,新車,6850,100以上500マルク未満,未就労,1,独身男性,なし,2,生命保険,34,なし,自己所有,1,管理職・自営業者,2,有,外国人労働者,不良顧客
口座未開設,24,延滞なし,テレビ,1413,100マルク未満,1年以上4年未満,4,既婚男性,なし,2,生命保険,28,なし,自己所有,1,専門職,1,無,外国人労働者,優良顧客
口座未開設,39,延滞なし,中古車,8588,100以上500マルク未満,7年以上,4,独身男性,なし,2,車・その他,45,なし,自己所有,1,管理職・自営業者,1,有,外国人労働者,優良顧客
0マルク未満,12,延滞なし,新車,759,100マルク未満,4年以上7年未満,4,独身男性,なし,2,不動産,26,なし,自己所有,1,専門職,1,無,外国人労働者,不良顧客
口座未開設,36,延滞なし,中古車,4686,100マルク未満,1年以上4年未満,2,独身男性,なし,2,不明・資産なし,32,なし,無料物件,1,管理職・自営業者,1,有,外国人労働者,優良顧客
200マルク以上,15,延滞なし,ビジネス,2687,100マルク未満,4年以上7年未満,2,独身男性,なし,4,生命保険,26,なし,賃貸,1,専門職,1,有,外国人労働者,優良顧客
200マルク未満,12,延滞あり,テレビ,585,100マルク未満,1年以上4年未満,4,既婚男性,連帯債務者あり,4,不動産,20,なし,賃貸,2,専門職,1,無,外国人労働者,優良顧客
口座未開設,24,延滞なし,新車,2255,不明・未開設,1年未満,4,独身男性,なし,1,生命保険,54,なし,自己所有,1,専門職,1,無,外国人労働者,優良顧客
0マルク未満,6,問題履歴あり,新車,609,100マルク未満,4年以上7年未満,4,結婚歴あり女性,なし,3,生命保険,37,なし,自己所有,2,専門職,1,無,非外国人労働者,優良顧客
0マルク未満,6,問題履歴あり,新車,1361,100マルク未満,1年未満,2,独身男性,なし,4,不動産,40,なし,自己所有,1,非専門職,2,無,非外国人労働者,優良顧客
口座未開設,36,問題履歴あり,家具類,7127,100マルク未満,1年未満,2,結婚歴あり女性,なし,4,生命保険,23,なし,賃貸,2,専門職,1,有,外国人労働者,不良顧客
0マルク未満,6,延滞なし,新車,1203,100以上500マルク未満,7年以上,3,独身男性,なし,2,生命保険,43,なし,自己所有,1,専門職,1,有,外国人労働者,優良顧客
口座未開設,6,問題履歴あり,テレビ,700,不明・未開設,7年以上,4,独身男性,なし,4,不明・資産なし,36,なし,無料物件,2,専門職,1,無,外国人労働者,優良顧客
口座未開設,24,問題履歴あり,修繕費,5507,100マルク未満,7年以上,3,独身男性,なし,4,不明・資産なし,44,なし,無料物件,2,専門職,1,無,外国人労働者,優良顧客
0マルク未満,18,延滞なし,テレビ,3190,100マルク未満,1年以上4年未満,2,結婚歴あり女性,なし,2,不動産,24,なし,自己所有,1,専門職,1,無,外国人労働者,不良顧客
0マルク未満,48,利用歴なし,家具類,7119,100マルク未満,1年以上4年未満,3,独身男性,なし,4,不明・資産なし,53,なし,無料物件,2,専門職,2,無,外国人労働者,不良顧客
口座未開設,24,延滞なし,中古車,3488,100以上500マルク未満,4年以上7年未満,3,結婚歴あり女性,なし,4,車・その他,23,なし,自己所有,1,専門職,1,無,外国人労働者,優良顧客
200マルク未満,18,延滞なし,テレビ,1113,100マルク未満,1年以上4年未満,4,結婚歴あり女性,保証人あり,4,不動産,26,なし,自己所有,1,非専門職,2,無,外国人労働者,優良顧客
200マルク未満,26,延滞なし,中古車,7966,100マルク未満,1年未満,2,独身男性,なし,3,車・その他,30,なし,自己所有,2,専門職,1,無,外国人労働者,優良顧客
口座未開設,15,問題履歴あり,教育費,1532,100以上500マルク未満,1年以上4年未満,4,結婚歴あり女性,なし,3,車・その他,31,なし,自己所有,1,専門職,1,無,外国人労働者,優良顧客
口座未開設,4,問題履歴あり,テレビ,1503,100マルク未満,4年以上7年未満,2,独身男性,なし,1,不動産,42,なし,自己所有,2,非専門職,2,無,外国人労働者,優良顧客
0マルク未満,36,延滞なし,テレビ,2302,100マルク未満,1年以上4年未満,4,離婚歴あり男性,なし,4,車・その他,31,なし,賃貸,1,専門職,1,無,外国人労働者,不良顧客
0マルク未満,6,延滞なし,新車,662,100マルク未満,1年未満,3,独身男性,なし,4,不動産,41,なし,自己所有,1,非専門職,2,有,外国人労働者,優良顧客
200マルク未満,36,延滞なし,教育費,2273,100マルク未満,4年以上7年未満,3,独身男性,なし,1,車・その他,32,なし,自己所有,2,専門職,2,無,外国人労働者,優良顧客
200マルク未満,15,延滞なし,新車,2631,100以上500マルク未満,1年以上4年未満,2,結婚歴あり女性,なし,4,車・その他,28,なし,賃貸,2,専門職,1,有,外国人労働者,不良顧客
口座未開設,12,延滞あり,中古車,1503,100マルク未満,1年以上4年未満,4,既婚男性,なし,4,不動産,41,なし,賃貸,1,専門職,1,無,外国人労働者,優良顧客
口座未開設,24,延滞なし,テレビ,1311,100以上500マルク未満,4年以上7年未満,4,既婚男性,なし,3,生命保険,26,なし,自己所有,1,専門職,1,有,外国人労働者,優良顧客
口座未開設,24,延滞なし,テレビ,3105,不明・未開設,1年未満,4,独身男性,なし,2,車・その他,25,なし,自己所有,2,専門職,1,無,外国人労働者,優良顧客
200マルク以上,21,問題履歴あり,教育費,2319,100マルク未満,1年未満,2,離婚歴あり男性,なし,1,車・その他,33,なし,賃貸,1,専門職,1,無,外国人労働者,不良顧客
0マルク未満,6,延滞なし,新車,1374,不明・未開設,未就労,4,結婚歴あり女性,なし,3,生命保険,75,なし,自己所有,1,管理職・自営業者,1,有,外国人労働者,優良顧客
200マルク未満,18,問題履歴あり,家具類,3612,100マルク未満,7年以上,3,結婚歴あり女性,なし,4,生命保険,37,なし,自己所有,1,専門職,1,有,外国人労働者,優良顧客
0マルク未満,48,延滞なし,新車,7763,100マルク未満,7年以上,4,独身男性,なし,4,不明・資産なし,42,銀行,無料物件,1,管理職・自営業者,1,無,外国人労働者,不良顧客
200マルク以上,18,延滞なし,家具類,3049,100マルク未満,1年未満,1,結婚歴あり女性,なし,1,生命保険,45,商店,自己所有,1,非専門職,1,無,外国人労働者,優良顧客
200マルク未満,12,延滞なし,テレビ,1534,100マルク未満,1年未満,1,既婚男性,なし,1,不動産,23,なし,賃貸,1,専門職,1,無,外国人労働者,不良顧客
口座未開設,24,延滞あり,新車,2032,100マルク未満,7年以上,4,独身男性,なし,4,不明・資産なし,60,なし,無料物件,2,専門職,1,有,外国人労働者,優良顧客
0マルク未満,30,延滞なし,家具類,6350,不明・未開設,7年以上,4,独身男性,なし,4,生命保険,31,なし,自己所有,1,専門職,1,無,外国人労働者,不良顧客
200マルク以上,18,延滞なし,家具類,2864,100マルク未満,1年以上4年未満,2,独身男性,なし,1,不動産,34,なし,自己所有,1,非専門職,2,無,外国人労働者,不良顧客
口座未開設,12,問題履歴あり,新車,1255,100マルク未満,7年以上,4,独身男性,なし,4,不動産,61,なし,自己所有,2,非専門職,1,無,外国人労働者,優良顧客
0マルク未満,24,延滞あり,新車,1333,100マルク未満,未就労,4,独身男性,なし,2,不動産,43,なし,無料物件,2,専門職,2,無,外国人労働者,不良顧客
口座未開設,24,問題履歴あり,新車,2022,100マルク未満,1年以上4年未満,4,結婚歴あり女性,なし,4,車・その他,37,なし,自己所有,1,専門職,1,有,外国人労働者,優良顧客
口座未開設,24,延滞なし,テレビ,1552,100マルク未満,4年以上7年未満,3,独身男性,なし,1,車・その他,32,銀行,自己所有,1,専門職,2,無,外国人労働者,優良顧客
0マルク未満,12,すべて延滞なし,テレビ,626,100マルク未満,1年以上4年未満,4,結婚歴あり女性,なし,4,不動産,24,銀行,自己所有,1,非専門職,1,無,外国人労働者,不良顧客
口座未開設,48,問題履歴あり,中古車,8858,不明・未開設,4年以上7年未満,2,独身男性,なし,1,不明・資産なし,35,なし,無料物件,2,専門職,1,有,外国人労働者,優良顧客
口座未開設,12,問題履歴あり,修繕費,996,不明・未開設,4年以上7年未満,4,結婚歴あり女性,なし,4,不動産,23,なし,自己所有,2,専門職,1,無,外国人労働者,優良顧客
口座未開設,6,すべて延滞なし,テレビ,1750,500以上1000マルク未満,7年以上,2,独身男性,なし,4,生命保険,45,銀行,自己所有,1,非専門職,2,無,外国人労働者,優良顧客
0マルク未満,48,延滞なし,テレビ,6999,100マルク未満,4年以上7年未満,1,既婚男性,保証人あり,1,不動産,34,なし,自己所有,2,専門職,1,有,外国人労働者,不良顧客
200マルク未満,12,問題履歴あり,新車,1995,100以上500マルク未満,1年未満,4,独身男性,なし,1,車・その他,27,なし,自己所有,1,専門職,1,無,外国人労働者,優良顧客
200マルク未満,9,延滞なし,教育費,1199,100マルク未満,4年以上7年未満,4,結婚歴あり女性,なし,4,生命保険,67,なし,自己所有,2,管理職・自営業者,1,有,外国人労働者,優良顧客
200マルク未満,12,延滞なし,テレビ,1331,100マルク未満,1年未満,2,独身男性,なし,1,車・その他,22,商店,自己所有,1,専門職,1,無,外国人労働者,不良顧客
200マルク未満,18,利用歴なし,新車,2278,100以上500マルク未満,1年未満,3,結婚歴あり女性,なし,3,車・その他,28,なし,自己所有,2,専門職,1,無,外国人労働者,不良顧客
口座未開設,21,利用歴なし,新車,5003,不明・未開設,1年以上4年未満,1,結婚歴あり女性,なし,4,生命保険,29,銀行,自己所有,2,専門職,1,有,外国人労働者,不良顧客
0マルク未満,24,すべて延滞なし,家具類,3552,100マルク未満,4年以上7年未満,3,独身男性,なし,4,車・その他,27,銀行,自己所有,1,専門職,1,無,外国人労働者,不良顧客
200マルク未満,18,問題履歴あり,家具類,1928,100マルク未満,1年未満,2,独身男性,なし,2,不動産,31,なし,自己所有,2,非専門職,1,無,外国人労働者,不良顧客
0マルク未満,24,延滞なし,中古車,2964,不明・未開設,7年以上,4,独身男性,なし,4,不明・資産なし,49,銀行,無料物件,1,専門職,2,有,外国人労働者,優良顧客
0マルク未満,24,すべて延滞なし,テレビ,1546,100マルク未満,4年以上7年未満,4,独身男性,保証人あり,4,車・その他,24,銀行,賃貸,1,非専門職,1,無,外国人労働者,不良顧客
200マルク以上,6,延滞あり,テレビ,683,100マルク未満,1年未満,2,結婚歴あり女性,なし,1,生命保険,29,銀行,自己所有,1,専門職,1,無,外国人労働者,優良顧客
200マルク未満,36,延滞なし,新車,12389,不明・未開設,1年以上4年未満,1,独身男性,なし,4,不明・資産なし,37,なし,無料物件,1,専門職,1,有,外国人労働者,不良顧客
200マルク未満,24,延滞あり,ビジネス,4712,不明・未開設,1年以上4年未満,4,独身男性,なし,2,生命保険,37,銀行,自己所有,2,管理職・自営業者,1,有,外国人労働者,優良顧客
200マルク未満,24,延滞あり,テレビ,1553,100以上500マルク未満,4年以上7年未満,3,結婚歴あり女性,なし,2,生命保険,23,なし,賃貸,2,専門職,1,有,外国人労働者,優良顧客
0マルク未満,12,延滞なし,新車,1372,100マルク未満,4年以上7年未満,2,離婚歴あり男性,なし,3,車・その他,36,なし,自己所有,1,専門職,1,無,外国人労働者,不良顧客
口座未開設,24,問題履歴あり,テレビ,2578,1000マルク以上,7年以上,2,独身男性,なし,2,車・その他,34,なし,自己所有,1,専門職,1,無,外国人労働者,優良顧客
200マルク未満,48,延滞なし,テレビ,3979,不明・未開設,4年以上7年未満,4,独身男性,なし,1,車・その他,41,なし,自己所有,2,専門職,2,有,外国人労働者,優良顧客
0マルク未満,48,延滞なし,テレビ,6758,100マルク未満,1年以上4年未満,3,結婚歴あり女性,なし,2,車・その他,31,なし,自己所有,1,専門職,1,有,外国人労働者,不良顧客
0マルク未満,24,延滞なし,家具類,3234,100マルク未満,1年未満,4,結婚歴あり女性,なし,4,不動産,23,なし,賃貸,1,非専門職,1,有,外国人労働者,不良顧客
口座未開設,30,問題履歴あり,テレビ,5954,100マルク未満,4年以上7年未満,3,独身男性,連帯債務者あり,2,車・その他,38,なし,自己所有,1,専門職,1,無,外国人労働者,優良顧客
口座未開設,24,延滞なし,中古車,5433,不明・未開設,未就労,2,結婚歴あり女性,なし,4,生命保険,26,なし,賃貸,1,管理職・自営業者,1,有,外国人労働者,優良顧客
0マルク未満,15,延滞なし,ビジネス,806,100マルク未満,1年以上4年未満,4,結婚歴あり女性,なし,4,生命保険,22,なし,自己所有,1,非専門職,1,無,外国人労働者,優良顧客
200マルク未満,9,延滞なし,テレビ,1082,100マルク未満,7年以上,4,独身男性,なし,4,車・その他,27,なし,自己所有,2,非専門職,1,無,外国人労働者,優良顧客
口座未開設,15,問題履歴あり,家具類,2788,100マルク未満,4年以上7年未満,2,結婚歴あり女性,連帯債務者あり,3,車・その他,24,銀行,自己所有,2,専門職,1,無,外国人労働者,優良顧客
200マルク未満,12,延滞なし,テレビ,2930,100マルク未満,4年以上7年未満,2,結婚歴あり女性,なし,1,不動産,27,なし,自己所有,1,専門職,1,無,外国人労働者,優良顧客
口座未開設,24,問題履歴あり,教育費,1927,不明・未開設,1年以上4年未満,3,結婚歴あり女性,なし,2,車・その他,33,なし,自己所有,2,専門職,1,有,外国人労働者,優良顧客
200マルク未満,36,問題履歴あり,新車,2820,100マルク未満,1年未満,4,離婚歴あり男性,なし,4,車・その他,27,なし,自己所有,2,専門職,1,無,外国人労働者,不良顧客
口座未開設,24,延滞なし,職業訓練,937,100マルク未満,1年未満,4,既婚男性,なし,3,車・その他,27,なし,自己所有,2,非専門職,1,無,外国人労働者,優良顧客
200マルク未満,18,問題履歴あり,新車,1056,100マルク未満,7年以上,3,独身男性,保証人あり,3,不動産,30,銀行,自己所有,2,専門職,1,無,外国人労働者,不良顧客
200マルク未満,12,問題履歴あり,新車,3124,100マルク未満,1年未満,1,独身男性,なし,3,不動産,49,銀行,自己所有,2,非専門職,2,無,外国人労働者,優良顧客
口座未開設,9,延滞なし,家具類,1388,100マルク未満,1年以上4年未満,4,結婚歴あり女性,なし,2,不動産,26,なし,賃貸,1,専門職,1,無,外国人労働者,優良顧客
200マルク未満,36,延滞なし,修繕費,2384,100マルク未満,1年未満,4,独身男性,なし,1,不明・資産なし,33,なし,賃貸,1,非専門職,1,無,外国人労働者,不良顧客
口座未開設,12,延滞なし,新車,2133,不明・未開設,7年以上,4,結婚歴あり女性,なし,4,不明・資産なし,52,なし,無料物件,1,管理職・自営業者,1,有,外国人労働者,優良顧客
0マルク未満,18,延滞なし,家具類,2039,100マルク未満,1年以上4年未満,1,結婚歴あり女性,なし,4,不動産,20,銀行,賃貸,1,専門職,1,無,外国人労働者,不良顧客
0マルク未満,9,問題履歴あり,新車,2799,100マルク未満,1年以上4年未満,2,独身男性,なし,2,不動産,36,なし,賃貸,2,専門職,2,無,外国人労働者,優良顧客
0マルク未満,12,延滞なし,家具類,1289,100マルク未満,1年以上4年未満,4,独身男性,保証人あり,1,生命保険,21,なし,自己所有,1,非専門職,1,無,外国人労働者,優良顧客
0マルク未満,18,延滞なし,家庭電化製品,1217,100マルク未満,1年以上4年未満,4,既婚男性,なし,3,不動産,47,なし,自己所有,1,非専門職,1,有,外国人労働者,不良顧客
0マルク未満,12,問題履歴あり,家具類,2246,100マルク未満,7年以上,3,独身男性,なし,3,生命保険,60,なし,自己所有,2,専門職,1,無,外国人労働者,不良顧客
0マルク未満,12,問題履歴あり,テレビ,385,100マルク未満,4年以上7年未満,4,結婚歴あり女性,なし,3,不動産,58,なし,自己所有,4,非専門職,1,有,外国人労働者,優良顧客
200マルク未満,24,延滞あり,新車,1965,不明・未開設,1年以上4年未満,4,結婚歴あり女性,なし,4,車・その他,42,なし,賃貸,2,専門職,1,有,外国人労働者,優良顧客
口座未開設,21,延滞なし,ビジネス,1572,1000マルク以上,7年以上,4,結婚歴あり女性,なし,4,不動産,36,銀行,自己所有,1,非専門職,1,無,外国人労働者,優良顧客
200マルク未満,24,延滞なし,新車,2718,100マルク未満,1年以上4年未満,3,結婚歴あり女性,なし,4,生命保険,20,なし,賃貸,1,非専門職,1,有,外国人労働者,不良顧客
0マルク未満,24,すべて延滞なし,その他,1358,不明・未開設,7年以上,4,独身男性,なし,3,車・その他,40,商店,自己所有,1,管理職・自営業者,1,有,外国人労働者,不良顧客
200マルク未満,6,すべて延滞なし,新車,931,100以上500マルク未満,1年未満,1,結婚歴あり女性,なし,1,生命保険,32,商店,自己所有,1,非専門職,1,無,外国人労働者,不良顧客
0マルク未満,24,延滞なし,新車,1442,100マルク未満,4年以上7年未満,4,結婚歴あり女性,なし,4,車・その他,23,なし,賃貸,2,専門職,1,無,外国人労働者,不良顧客
200マルク未満,24,利用歴なし,ビジネス,4241,100マルク未満,1年以上4年未満,1,独身男性,なし,4,不動産,36,なし,自己所有,3,非専門職,1,有,外国人労働者,不良顧客
口座未開設,18,問題履歴あり,新車,2775,100マルク未満,4年以上7年未満,2,独身男性,なし,2,生命保険,31,銀行,自己所有,2,専門職,1,無,外国人労働者,不良顧客
口座未開設,24,延滞あり,ビジネス,3863,100マルク未満,1年以上4年未満,1,独身男性,なし,2,不明・資産なし,32,なし,無料物件,1,専門職,1,無,外国人労働者,優良顧客
200マルク未満,7,延滞なし,テレビ,2329,100マルク未満,1年未満,1,結婚歴あり女性,保証人あり,1,不動産,45,なし,自己所有,1,専門職,1,無,外国人労働者,優良顧客
200マルク未満,9,延滞なし,家具類,918,100マルク未満,1年以上4年未満,4,結婚歴あり女性,なし,1,生命保険,30,なし,自己所有,1,専門職,1,無,外国人労働者,不良顧客
200マルク未満,24,すべて延滞なし,教育費,1837,100マルク未満,4年以上7年未満,4,結婚歴あり女性,なし,4,不明・資産なし,34,銀行,無料物件,1,非専門職,1,無,外国人労働者,不良顧客
口座未開設,36,延滞なし,家具類,3349,100マルク未満,1年以上4年未満,4,結婚歴あり女性,なし,2,車・その他,28,なし,自己所有,1,管理職・自営業者,1,有,外国人労働者,不良顧客
200マルク以上,10,延滞なし,家具類,1275,100マルク未満,1年未満,4,結婚歴あり女性,なし,2,生命保険,23,なし,自己所有,1,専門職,1,無,外国人労働者,優良顧客
0マルク未満,24,すべて延滞なし,家具類,2828,500以上1000マルク未満,1年以上4年未満,4,独身男性,なし,4,不動産,22,商店,自己所有,1,専門職,1,有,外国人労働者,優良顧客
口座未開設,24,問題履歴あり,ビジネス,4526,100マルク未満,1年以上4年未満,3,独身男性,なし,2,不動産,74,なし,自己所有,1,管理職・自営業者,1,有,外国人労働者,優良顧客
200マルク未満,36,延滞なし,テレビ,2671,100以上500マルク未満,1年以上4年未満,4,結婚歴あり女性,連帯債務者あり,4,不明・資産なし,50,なし,無料物件,1,専門職,1,無,外国人労働者,不良顧客
口座未開設,18,延滞なし,テレビ,2051,100マルク未満,1年未満,4,独身男性,なし,1,不動産,33,なし,自己所有,1,専門職,1,無,外国人労働者,優良顧客
口座未開設,15,延滞なし,中古車,1300,不明・未開設,7年以上,4,独身男性,なし,4,不明・資産なし,45,銀行,無料物件,1,専門職,2,無,外国人労働者,優良顧客
0マルク未満,12,延滞なし,家庭電化製品,741,100以上500マルク未満,未就労,4,結婚歴あり女性,なし,3,生命保険,22,なし,自己所有,1,専門職,1,無,外国人労働者,不良顧客
200マルク以上,10,延滞なし,新車,1240,100以上500マルク未満,7年以上,1,結婚歴あり女性,なし,4,不明・資産なし,48,なし,無料物件,1,非専門職,2,無,外国人労働者,不良顧客
0マルク未満,21,延滞なし,テレビ,3357,1000マルク以上,1年未満,4,結婚歴あり女性,なし,2,車・その他,29,銀行,自己所有,1,専門職,1,無,外国人労働者,優良顧客
0マルク未満,24,すべて延滞なし,中古車,3632,100マルク未満,1年以上4年未満,1,結婚歴あり女性,保証人あり,4,車・その他,22,銀行,賃貸,1,専門職,1,無,非外国人労働者,優良顧客
口座未開設,18,延滞あり,家具類,1808,100マルク未満,4年以上7年未満,4,結婚歴あり女性,なし,1,不動産,22,なし,自己所有,1,専門職,1,無,外国人労働者,不良顧客
200マルク未満,48,利用歴なし,ビジネス,12204,不明・未開設,1年以上4年未満,2,独身男性,なし,2,車・その他,48,銀行,自己所有,1,管理職・自営業者,1,有,外国人労働者,優良顧客
200マルク未満,60,延滞あり,テレビ,9157,不明・未開設,1年以上4年未満,2,独身男性,なし,2,不明・資産なし,27,なし,無料物件,1,管理職・自営業者,1,無,外国人労働者,優良顧客
0マルク未満,6,問題履歴あり,新車,3676,100マルク未満,1年以上4年未満,1,独身男性,なし,3,不動産,37,なし,賃貸,3,専門職,2,無,外国人労働者,優良顧客
200マルク未満,30,延滞なし,家具類,3441,100以上500マルク未満,1年以上4年未満,2,結婚歴あり女性,連帯債務者あり,4,車・その他,21,なし,賃貸,1,専門職,1,無,外国人労働者,不良顧客
口座未開設,12,延滞なし,新車,640,100マルク未満,1年以上4年未満,4,離婚歴あり男性,なし,2,不動産,49,なし,自己所有,1,非専門職,1,無,外国人労働者,優良顧客
200マルク未満,21,問題履歴あり,ビジネス,3652,100マルク未満,4年以上7年未満,2,独身男性,なし,3,生命保険,27,なし,自己所有,2,専門職,1,無,外国人労働者,優良顧客
口座未開設,18,問題履歴あり,新車,1530,100マルク未満,1年以上4年未満,3,独身男性,なし,2,生命保険,32,銀行,自己所有,2,専門職,1,無,外国人労働者,不良顧客
口座未開設,48,延滞なし,ビジネス,3914,不明・未開設,1年以上4年未満,4,離婚歴あり男性,なし,2,不動産,38,銀行,自己所有,1,専門職,1,無,外国人労働者,不良顧客
0マルク未満,12,延滞なし,家具類,1858,100マルク未満,1年未満,4,結婚歴あり女性,なし,1,車・その他,22,なし,賃貸,1,専門職,1,無,外国人労働者,優良顧客
0マルク未満,18,延滞なし,テレビ,2600,100マルク未満,1年以上4年未満,4,独身男性,なし,4,不明・資産なし,65,なし,無料物件,2,専門職,1,無,外国人労働者,不良顧客
口座未開設,15,延滞なし,テレビ,1979,不明・未開設,7年以上,4,独身男性,なし,2,車・その他,35,なし,自己所有,1,専門職,1,無,外国人労働者,優良顧客
200マルク以上,6,延滞なし,家具類,2116,100マルク未満,1年以上4年未満,2,独身男性,なし,2,不動産,41,なし,自己所有,1,専門職,1,有,外国人労働者,優良顧客
200マルク未満,9,すべて延滞なし,新車,1437,100以上500マルク未満,4年以上7年未満,2,独身男性,なし,3,不明・資産なし,29,なし,自己所有,1,専門職,1,無,外国人労働者,不良顧客
口座未開設,42,問題履歴あり,家具類,4042,500以上1000マルク未満,1年以上4年未満,4,独身男性,なし,4,不動産,36,なし,自己所有,2,専門職,1,有,外国人労働者,優良顧客
口座未開設,9,延滞なし,教育費,3832,不明・未開設,7年以上,1,独身男性,なし,4,不動産,64,なし,自己所有,1,非専門職,1,無,外国人労働者,優良顧客
0マルク未満,24,延滞なし,テレビ,3660,100マルク未満,1年以上4年未満,2,結婚歴あり女性,なし,4,車・その他,28,なし,自己所有,1,専門職,1,無,外国人労働者,優良顧客
0マルク未満,18,すべて延滞なし,家具類,1553,100マルク未満,1年以上4年未満,4,独身男性,なし,3,車・その他,44,銀行,自己所有,1,専門職,1,無,外国人労働者,不良顧客
200マルク未満,15,延滞なし,テレビ,1444,不明・未開設,1年未満,4,独身男性,なし,1,生命保険,23,なし,自己所有,1,専門職,1,無,外国人労働者,優良顧客
口座未開設,9,延滞なし,家具類,1980,100マルク未満,1年未満,2,結婚歴あり女性,連帯債務者あり,2,車・その他,19,なし,賃貸,2,専門職,1,無,外国人労働者,不良顧客
200マルク未満,24,延滞なし,新車,1355,100マルク未満,1年未満,3,結婚歴あり女性,なし,4,車・その他,25,なし,自己所有,1,非専門職,1,有,外国人労働者,不良顧客
口座未開設,12,延滞なし,教育費,1393,100マルク未満,7年以上,4,独身男性,なし,4,生命保険,47,銀行,自己所有,3,専門職,2,有,外国人労働者,優良顧客
口座未開設,24,延滞なし,テレビ,1376,500以上1000マルク未満,4年以上7年未満,4,結婚歴あり女性,なし,1,車・その他,28,なし,自己所有,1,専門職,1,無,外国人労働者,優良顧客
口座未開設,60,延滞あり,テレビ,15653,100マルク未満,4年以上7年未満,2,独身男性,なし,4,車・その他,21,なし,自己所有,2,専門職,1,有,外国人労働者,優良顧客
口座未開設,12,延滞なし,テレビ,1493,100マルク未満,1年未満,4,結婚歴あり女性,なし,3,車・その他,34,なし,自己所有,1,専門職,2,無,外国人労働者,優良顧客
0マルク未満,42,延滞あり,テレビ,4370,100マルク未満,4年以上7年未満,3,独身男性,なし,2,生命保険,26,銀行,自己所有,2,専門職,2,有,外国人労働者,不良顧客
0マルク未満,18,延滞なし,教育費,750,100マルク未満,未就労,4,結婚歴あり女性,なし,1,不動産,27,なし,自己所有,1,非就労者・非正規労働者,1,無,外国人労働者,不良顧客
200マルク未満,15,延滞なし,修繕費,1308,100マルク未満,7年以上,4,独身男性,なし,4,車・その他,38,なし,自己所有,2,非専門職,1,無,外国人労働者,優良顧客
口座未開設,15,延滞なし,教育費,4623,100以上500マルク未満,1年以上4年未満,3,独身男性,なし,2,生命保険,40,なし,自己所有,1,管理職・自営業者,1,有,外国人労働者,不良顧客
口座未開設,24,問題履歴あり,テレビ,1851,100マルク未満,4年以上7年未満,4,既婚男性,保証人あり,2,車・その他,33,なし,自己所有,2,専門職,1,有,外国人労働者,優良顧客
0マルク未満,18,問題履歴あり,テレビ,1880,100マルク未満,4年以上7年未満,4,既婚男性,なし,1,生命保険,32,なし,自己所有,2,管理職・自営業者,1,有,外国人労働者,優良顧客
口座未開設,36,延滞あり,ビジネス,7980,不明・未開設,1年未満,4,独身男性,なし,4,車・その他,27,なし,賃貸,2,専門職,1,有,外国人労働者,不良顧客
0マルク未満,30,利用歴なし,家具類,4583,100マルク未満,1年以上4年未満,2,離婚歴あり男性,保証人あり,2,不動産,32,なし,自己所有,2,専門職,1,無,外国人労働者,優良顧客
口座未開設,12,延滞なし,新車,1386,500以上1000マルク未満,1年以上4年未満,2,結婚歴あり女性,なし,2,生命保険,26,なし,自己所有,1,専門職,1,無,外国人労働者,不良顧客
200マルク以上,24,延滞なし,新車,947,100マルク未満,4年以上7年未満,4,独身男性,なし,3,不明・資産なし,38,銀行,無料物件,1,専門職,2,無,外国人労働者,不良顧客
0マルク未満,12,延滞なし,教育費,684,100マルク未満,1年以上4年未満,4,独身男性,なし,4,車・その他,40,なし,賃貸,1,非専門職,2,無,外国人労働者,不良顧客
0マルク未満,48,延滞なし,教育費,7476,100マルク未満,4年以上7年未満,4,独身男性,なし,1,不明・資産なし,50,なし,無料物件,1,管理職・自営業者,1,有,外国人労働者,優良顧客
200マルク未満,12,延滞なし,家具類,1922,100マルク未満,1年以上4年未満,4,独身男性,なし,2,生命保険,37,なし,自己所有,1,非専門職,1,無,外国人労働者,不良顧客
0マルク未満,24,延滞なし,新車,2303,100マルク未満,7年以上,4,独身男性,連帯債務者あり,1,不動産,45,なし,自己所有,1,専門職,1,無,外国人労働者,不良顧客
200マルク未満,36,延滞あり,新車,8086,100以上500マルク未満,7年以上,2,独身男性,なし,4,車・その他,42,なし,自己所有,4,管理職・自営業者,1,有,外国人労働者,不良顧客
口座未開設,24,問題履歴あり,中古車,2346,100マルク未満,4年以上7年未満,4,独身男性,なし,3,車・その他,35,なし,自己所有,2,専門職,1,有,外国人労働者,優良顧客
0マルク未満,14,延滞なし,新車,3973,100マルク未満,未就労,1,独身男性,なし,4,不明・資産なし,22,なし,無料物件,1,専門職,1,無,外国人労働者,優良顧客
200マルク未満,12,延滞なし,新車,888,100マルク未満,7年以上,4,独身男性,なし,4,車・その他,41,銀行,自己所有,1,非専門職,2,無,外国人労働者,不良顧客
口座未開設,48,延滞なし,テレビ,10222,不明・未開設,4年以上7年未満,4,独身男性,なし,3,車・その他,37,商店,自己所有,1,専門職,1,有,外国人労働者,優良顧客
200マルク未満,30,利用歴なし,ビジネス,4221,100マルク未満,1年以上4年未満,2,結婚歴あり女性,なし,1,車・その他,28,なし,自己所有,2,専門職,1,無,外国人労働者,優良顧客
200マルク未満,18,問題履歴あり,家具類,6361,100マルク未満,7年以上,2,独身男性,なし,1,不明・資産なし,41,なし,自己所有,1,専門職,1,有,外国人労働者,優良顧客
200マルク以上,12,延滞なし,テレビ,1297,100マルク未満,1年以上4年未満,3,既婚男性,なし,4,不動産,23,なし,賃貸,1,専門職,1,無,外国人労働者,優良顧客
0マルク未満,12,延滞なし,新車,900,不明・未開設,1年以上4年未満,4,既婚男性,なし,2,車・その他,23,なし,自己所有,1,専門職,1,無,外国人労働者,不良顧客
口座未開設,21,延滞なし,家具類,2241,100マルク未満,7年以上,4,独身男性,なし,2,不動産,50,なし,自己所有,2,専門職,1,無,外国人労働者,優良顧客
200マルク未満,6,延滞あり,家具類,1050,100マルク未満,未就労,4,独身男性,なし,1,生命保険,35,商店,自己所有,2,管理職・自営業者,1,有,外国人労働者,優良顧客
200マルク以上,6,問題履歴あり,教育費,1047,100マルク未満,1年以上4年未満,2,結婚歴あり女性,なし,4,生命保険,50,なし,自己所有,1,非専門職,1,無,外国人労働者,優良顧客
口座未開設,24,問題履歴あり,その他,6314,100マルク未満,未就労,4,独身男性,連帯債務者あり,2,不明・資産なし,27,銀行,自己所有,2,管理職・自営業者,1,有,外国人労働者,優良顧客
200マルク未満,30,すべて延滞なし,家具類,3496,1000マルク以上,1年以上4年未満,4,独身男性,なし,2,車・その他,34,商店,自己所有,1,専門職,2,有,外国人労働者,優良顧客
口座未開設,48,すべて延滞なし,ビジネス,3609,100マルク未満,1年以上4年未満,1,結婚歴あり女性,なし,1,不動産,27,商店,自己所有,1,専門職,1,無,外国人労働者,優良顧客
0マルク未満,12,問題履歴あり,新車,4843,100マルク未満,7年以上,3,独身男性,連帯債務者あり,4,生命保険,43,なし,賃貸,2,専門職,1,有,外国人労働者,不良顧客
200マルク以上,30,問題履歴あり,テレビ,3017,100マルク未満,7年以上,4,独身男性,なし,4,生命保険,47,なし,自己所有,1,専門職,1,無,外国人労働者,優良顧客
口座未開設,24,問題履歴あり,ビジネス,4139,100以上500マルク未満,1年以上4年未満,3,独身男性,なし,3,生命保険,27,なし,自己所有,2,非専門職,1,有,外国人労働者,優良顧客
口座未開設,36,延滞なし,ビジネス,5742,100以上500マルク未満,4年以上7年未満,2,独身男性,なし,2,車・その他,31,なし,自己所有,2,専門職,1,有,外国人労働者,優良顧客
口座未開設,60,延滞なし,新車,10366,100マルク未満,7年以上,2,独身男性,なし,4,生命保険,42,なし,自己所有,1,管理職・自営業者,1,有,外国人労働者,優良顧客
口座未開設,6,問題履歴あり,新車,2080,500以上1000マルク未満,1年以上4年未満,1,既婚男性,なし,2,車・その他,24,なし,自己所有,1,専門職,1,無,外国人労働者,優良顧客
口座未開設,21,延滞あり,ビジネス,2580,500以上1000マルク未満,1年未満,4,独身男性,なし,2,不動産,41,銀行,自己所有,1,非専門職,2,無,外国人労働者,不良顧客
口座未開設,30,問題履歴あり,テレビ,4530,100マルク未満,4年以上7年未満,4,結婚歴あり女性,なし,4,車・その他,26,なし,賃貸,1,管理職・自営業者,1,有,外国人労働者,優良顧客
口座未開設,24,問題履歴あり,家具類,5150,100マルク未満,7年以上,4,独身男性,なし,4,車・その他,33,なし,自己所有,1,専門職,1,有,外国人労働者,優良顧客
200マルク未満,72,延滞なし,テレビ,5595,100以上500マルク未満,1年以上4年未満,2,既婚男性,なし,2,車・その他,24,なし,自己所有,1,専門職,1,無,外国人労働者,不良顧客
0マルク未満,24,延滞なし,テレビ,2384,100マルク未満,7年以上,4,独身男性,なし,4,不動産,64,銀行,賃貸,1,非専門職,1,無,外国人労働者,優良顧客
口座未開設,18,延滞なし,テレビ,1453,100マルク未満,1年未満,3,結婚歴あり女性,なし,1,不動産,26,なし,自己所有,1,専門職,1,無,外国人労働者,優良顧客
口座未開設,6,延滞なし,教育費,1538,100マルク未満,1年未満,1,結婚歴あり女性,なし,2,不明・資産なし,56,なし,自己所有,1,専門職,1,無,外国人労働者,優良顧客
口座未開設,12,延滞なし,テレビ,2279,不明・未開設,1年以上4年未満,4,独身男性,なし,4,不明・資産なし,37,なし,無料物件,1,専門職,1,有,外国人労働者,優良顧客
口座未開設,15,延滞あり,テレビ,1478,100マルク未満,1年以上4年未満,4,既婚男性,なし,3,不動産,33,銀行,自己所有,2,専門職,1,無,外国人労働者,優良顧客
口座未開設,24,問題履歴あり,テレビ,5103,100マルク未満,1年未満,3,既婚男性,なし,3,不明・資産なし,47,なし,無料物件,3,専門職,1,有,外国人労働者,優良顧客
200マルク未満,36,延滞あり,ビジネス,9857,100以上500マルク未満,4年以上7年未満,1,独身男性,なし,3,生命保険,31,なし,自己所有,2,非専門職,2,有,外国人労働者,優良顧客
口座未開設,60,延滞なし,新車,6527,不明・未開設,1年以上4年未満,4,独身男性,なし,4,不明・資産なし,34,なし,無料物件,1,専門職,2,有,外国人労働者,優良顧客
200マルク以上,10,問題履歴あり,テレビ,1347,不明・未開設,4年以上7年未満,4,独身男性,なし,2,生命保険,27,なし,自己所有,2,専門職,1,有,外国人労働者,優良顧客
200マルク未満,36,延滞あり,新車,2862,100以上500マルク未満,7年以上,4,独身男性,なし,3,不明・資産なし,30,なし,無料物件,1,専門職,1,無,外国人労働者,優良顧客
口座未開設,9,延滞なし,テレビ,2753,100以上500マルク未満,7年以上,3,独身男性,連帯債務者あり,4,車・その他,35,なし,自己所有,1,専門職,1,有,外国人労働者,優良顧客
0マルク未満,12,延滞なし,新車,3651,1000マルク以上,1年以上4年未満,1,独身男性,なし,3,生命保険,31,なし,自己所有,1,専門職,2,無,外国人労働者,優良顧客
0マルク未満,15,問題履歴あり,家具類,975,100マルク未満,1年以上4年未満,2,離婚歴あり男性,なし,3,生命保険,25,なし,自己所有,2,専門職,1,無,外国人労働者,優良顧客
200マルク未満,15,延滞なし,修繕費,2631,100以上500マルク未満,1年以上4年未満,3,結婚歴あり女性,なし,2,不動産,25,なし,自己所有,1,非専門職,1,無,外国人労働者,優良顧客
200マルク未満,24,延滞なし,テレビ,2896,100以上500マルク未満,1年未満,2,独身男性,なし,1,車・その他,29,なし,自己所有,1,専門職,1,無,外国人労働者,優良顧客
0マルク未満,6,問題履歴あり,新車,4716,不明・未開設,1年未満,1,独身男性,なし,3,不動産,44,なし,自己所有,2,非専門職,2,無,外国人労働者,優良顧客
口座未開設,24,延滞なし,テレビ,2284,100マルク未満,4年以上7年未満,4,独身男性,なし,2,車・その他,28,なし,自己所有,1,専門職,1,有,外国人労働者,優良顧客
口座未開設,6,延滞なし,中古車,1236,500以上1000マルク未満,1年以上4年未満,2,独身男性,なし,4,生命保険,50,なし,賃貸,1,専門職,1,無,外国人労働者,優良顧客
200マルク未満,12,延滞なし,テレビ,1103,100マルク未満,4年以上7年未満,4,独身男性,保証人あり,3,不動産,29,なし,自己所有,2,専門職,1,無,非外国人労働者,優良顧客
口座未開設,12,問題履歴あり,新車,926,100マルク未満,未就労,1,結婚歴あり女性,なし,2,生命保険,38,なし,自己所有,1,非就労者・非正規労働者,1,無,外国人労働者,優良顧客
口座未開設,18,問題履歴あり,テレビ,1800,100マルク未満,1年以上4年未満,4,独身男性,なし,2,車・その他,24,なし,自己所有,2,専門職,1,無,外国人労働者,優良顧客
200マルク以上,15,延滞なし,教育費,1905,100マルク未満,7年以上,4,独身男性,なし,4,車・その他,40,なし,賃貸,1,管理職・自営業者,1,有,外国人労働者,優良顧客
口座未開設,12,延滞なし,家具類,1123,500以上1000マルク未満,1年以上4年未満,4,結婚歴あり女性,なし,4,車・その他,29,なし,賃貸,1,非専門職,1,無,外国人労働者,不良顧客
0マルク未満,48,問題履歴あり,中古車,6331,100マルク未満,7年以上,4,独身男性,なし,4,不明・資産なし,46,なし,無料物件,2,専門職,1,有,外国人労働者,不良顧客
200マルク以上,24,延滞なし,テレビ,1377,100以上500マルク未満,7年以上,4,結婚歴あり女性,なし,2,不明・資産なし,47,なし,無料物件,1,専門職,1,有,外国人労働者,優良顧客
200マルク未満,30,延滞あり,ビジネス,2503,100以上500マルク未満,7年以上,4,独身男性,なし,2,生命保険,41,商店,自己所有,2,専門職,1,無,外国人労働者,優良顧客
200マルク未満,27,延滞なし,ビジネス,2528,100マルク未満,1年未満,4,結婚歴あり女性,なし,1,生命保険,32,なし,自己所有,1,専門職,2,有,外国人労働者,優良顧客
口座未開設,15,延滞なし,新車,5324,500以上1000マルク未満,7年以上,1,結婚歴あり女性,なし,4,不明・資産なし,35,なし,無料物件,1,専門職,1,無,外国人労働者,優良顧客
200マルク未満,48,延滞なし,新車,6560,100以上500マルク未満,4年以上7年未満,3,独身男性,なし,2,生命保険,24,なし,自己所有,1,専門職,1,無,外国人労働者,不良顧客
200マルク未満,12,利用歴なし,家具類,2969,100マルク未満,1年未満,4,結婚歴あり女性,なし,3,生命保険,25,なし,賃貸,2,専門職,1,無,外国人労働者,不良顧客
200マルク未満,9,延滞なし,テレビ,1206,100マルク未満,7年以上,4,結婚歴あり女性,なし,4,不動産,25,なし,自己所有,1,専門職,1,無,外国人労働者,優良顧客
200マルク未満,9,延滞なし,テレビ,2118,100マルク未満,1年以上4年未満,2,独身男性,なし,2,不動産,37,なし,自己所有,1,非専門職,2,無,外国人労働者,優良顧客
口座未開設,18,問題履歴あり,テレビ,629,500以上1000マルク未満,7年以上,4,独身男性,なし,3,生命保険,32,銀行,自己所有,2,管理職・自営業者,1,有,外国人労働者,優良顧客
0マルク未満,6,すべて延滞なし,教育費,1198,100マルク未満,7年以上,4,結婚歴あり女性,なし,4,不明・資産なし,35,なし,無料物件,1,専門職,1,無,外国人労働者,不良顧客
口座未開設,21,延滞なし,中古車,2476,不明・未開設,7年以上,4,独身男性,なし,4,不動産,46,なし,自己所有,1,管理職・自営業者,1,有,外国人労働者,優良顧客
0マルク未満,9,問題履歴あり,テレビ,1138,100マルク未満,1年以上4年未満,4,独身男性,なし,4,不動産,25,なし,自己所有,2,非専門職,1,無,外国人労働者,優良顧客
200マルク未満,60,延滞なし,新車,14027,100マルク未満,4年以上7年未満,4,独身男性,なし,2,不明・資産なし,27,なし,自己所有,1,管理職・自営業者,1,有,外国人労働者,不良顧客
口座未開設,30,問題履歴あり,中古車,7596,不明・未開設,7年以上,1,独身男性,なし,4,車・その他,63,なし,自己所有,2,専門職,1,無,外国人労働者,優良顧客
口座未開設,30,問題履歴あり,テレビ,3077,不明・未開設,7年以上,3,独身男性,なし,2,車・その他,40,なし,自己所有,2,専門職,2,有,外国人労働者,優良顧客
口座未開設,18,延滞なし,テレビ,1505,100マルク未満,1年以上4年未満,4,独身男性,なし,2,不明・資産なし,32,なし,無料物件,1,管理職・自営業者,1,有,外国人労働者,優良顧客
200マルク以上,24,問題履歴あり,テレビ,3148,不明・未開設,1年以上4年未満,3,独身男性,なし,2,車・その他,31,なし,自己所有,2,専門職,1,有,外国人労働者,優良顧客
200マルク未満,20,利用歴なし,中古車,6148,100以上500マルク未満,7年以上,3,既婚男性,なし,4,車・その他,31,銀行,自己所有,2,専門職,1,有,外国人労働者,優良顧客
200マルク以上,9,利用歴なし,テレビ,1337,100マルク未満,1年未満,4,独身男性,なし,2,車・その他,34,なし,自己所有,2,管理職・自営業者,1,有,外国人労働者,不良顧客
200マルク未満,6,すべて延滞なし,教育費,433,1000マルク以上,1年未満,4,結婚歴あり女性,なし,2,生命保険,24,銀行,賃貸,1,専門職,2,無,外国人労働者,不良顧客
0マルク未満,12,延滞なし,新車,1228,100マルク未満,1年以上4年未満,4,結婚歴あり女性,なし,2,不動産,24,なし,自己所有,1,非専門職,1,無,外国人労働者,不良顧客
200マルク未満,9,延滞なし,テレビ,790,500以上1000マルク未満,1年以上4年未満,4,結婚歴あり女性,なし,3,不動産,66,なし,自己所有,1,非専門職,1,無,外国人労働者,優良顧客
口座未開設,27,延滞なし,新車,2570,100マルク未満,1年以上4年未満,3,結婚歴あり女性,なし,3,不動産,21,なし,賃貸,1,専門職,1,無,外国人労働者,不良顧客
口座未開設,6,問題履歴あり,新車,250,1000マルク以上,1年以上4年未満,2,結婚歴あり女性,なし,2,不動産,41,銀行,自己所有,2,非専門職,1,無,外国人労働者,優良顧客
口座未開設,15,問題履歴あり,テレビ,1316,500以上1000マルク未満,1年以上4年未満,2,既婚男性,なし,2,生命保険,47,なし,自己所有,2,非専門職,1,無,外国人労働者,優良顧客
0マルク未満,18,延滞なし,テレビ,1882,100マルク未満,1年以上4年未満,4,結婚歴あり女性,なし,4,車・その他,25,銀行,賃貸,2,専門職,1,無,外国人労働者,不良顧客
200マルク未満,48,すべて延滞なし,ビジネス,6416,100マルク未満,7年以上,4,結婚歴あり女性,なし,3,不明・資産なし,59,なし,賃貸,1,専門職,1,無,外国人労働者,不良顧客
200マルク以上,24,問題履歴あり,ビジネス,1275,1000マルク以上,1年以上4年未満,2,離婚歴あり男性,なし,4,不動産,36,なし,自己所有,2,専門職,1,有,外国人労働者,優良顧客
200マルク未満,24,延滞あり,テレビ,6403,100マルク未満,1年未満,1,独身男性,なし,2,車・その他,33,なし,自己所有,1,専門職,1,無,外国人労働者,優良顧客
0マルク未満,24,延滞なし,テレビ,1987,100マルク未満,1年以上4年未満,2,独身男性,なし,4,不動産,21,なし,賃貸,1,非専門職,2,無,外国人労働者,不良顧客
200マルク未満,8,延滞なし,テレビ,760,100マルク未満,4年以上7年未満,4,結婚歴あり女性,保証人あり,2,不動産,44,なし,自己所有,1,非専門職,1,無,外国人労働者,優良顧客
口座未開設,24,延滞なし,中古車,2603,1000マルク以上,1年以上4年未満,2,結婚歴あり女性,なし,4,車・その他,28,なし,賃貸,1,専門職,1,有,外国人労働者,優良顧客
口座未開設,4,問題履歴あり,新車,3380,100マルク未満,4年以上7年未満,1,結婚歴あり女性,なし,1,不動産,37,なし,自己所有,1,専門職,2,無,外国人労働者,優良顧客
200マルク未満,36,すべて延滞なし,家庭電化製品,3990,不明・未開設,1年未満,3,結婚歴あり女性,なし,2,不明・資産なし,29,銀行,自己所有,1,非就労者・非正規労働者,1,無,外国人労働者,優良顧客
200マルク未満,24,延滞なし,中古車,11560,100マルク未満,1年以上4年未満,1,結婚歴あり女性,なし,4,車・その他,23,なし,賃貸,2,管理職・自営業者,1,無,外国人労働者,不良顧客
0マルク未満,18,延滞なし,新車,4380,100以上500マルク未満,1年以上4年未満,3,独身男性,なし,4,車・その他,35,なし,自己所有,1,非専門職,2,有,外国人労働者,優良顧客
口座未開設,6,問題履歴あり,新車,6761,100マルク未満,4年以上7年未満,1,独身男性,なし,3,不明・資産なし,45,なし,自己所有,2,管理職・自営業者,2,有,外国人労働者,優良顧客
200マルク未満,30,利用歴なし,ビジネス,4280,100以上500マルク未満,1年以上4年未満,4,結婚歴あり女性,なし,4,車・その他,26,なし,賃貸,2,非専門職,1,無,外国人労働者,不良顧客
0マルク未満,24,すべて延滞なし,新車,2325,100以上500マルク未満,4年以上7年未満,2,独身男性,なし,3,車・その他,32,銀行,自己所有,1,専門職,1,無,外国人労働者,優良顧客
200マルク未満,10,すべて延滞なし,テレビ,1048,100マルク未満,1年以上4年未満,4,独身男性,なし,4,不動産,23,商店,自己所有,1,非専門職,1,無,外国人労働者,優良顧客
口座未開設,21,延滞なし,テレビ,3160,不明・未開設,7年以上,4,独身男性,なし,3,生命保険,41,なし,自己所有,1,専門職,1,有,外国人労働者,優良顧客
0マルク未満,24,すべて延滞なし,家具類,2483,500以上1000マルク未満,1年以上4年未満,4,独身男性,なし,4,不動産,22,商店,自己所有,1,専門職,1,有,外国人労働者,優良顧客
0マルク未満,39,問題履歴あり,家具類,14179,不明・未開設,4年以上7年未満,4,独身男性,なし,4,生命保険,30,なし,自己所有,2,管理職・自営業者,1,有,外国人労働者,優良顧客
0マルク未満,13,問題履歴あり,ビジネス,1797,100マルク未満,1年未満,3,独身男性,なし,1,生命保険,28,銀行,自己所有,2,非専門職,1,無,外国人労働者,優良顧客
0マルク未満,15,延滞なし,新車,2511,100マルク未満,未就労,1,結婚歴あり女性,なし,4,車・その他,23,なし,賃貸,1,専門職,1,無,外国人労働者,優良顧客
0マルク未満,12,延滞なし,新車,1274,100マルク未満,1年未満,3,結婚歴あり女性,なし,1,不動産,37,なし,自己所有,1,非専門職,1,無,外国人労働者,不良顧客
口座未開設,21,延滞なし,中古車,5248,不明・未開設,1年以上4年未満,1,独身男性,なし,3,車・その他,26,なし,自己所有,1,専門職,1,無,外国人労働者,優良顧客
口座未開設,15,延滞なし,中古車,3029,100マルク未満,4年以上7年未満,2,独身男性,なし,2,車・その他,33,なし,自己所有,1,専門職,1,無,外国人労働者,優良顧客
0マルク未満,6,延滞なし,家具類,428,100マルク未満,7年以上,2,結婚歴あり女性,なし,1,生命保険,49,銀行,自己所有,1,専門職,1,有,外国人労働者,優良顧客
0マルク未満,18,延滞なし,新車,976,100マルク未満,1年未満,1,結婚歴あり女性,なし,2,車・その他,23,なし,自己所有,1,非専門職,1,無,外国人労働者,不良顧客
200マルク未満,12,延滞なし,ビジネス,841,100以上500マルク未満,4年以上7年未満,2,結婚歴あり女性,なし,4,不動産,23,なし,賃貸,1,非専門職,1,無,外国人労働者,優良顧客
口座未開設,30,問題履歴あり,テレビ,5771,100マルク未満,4年以上7年未満,4,結婚歴あり女性,なし,2,車・その他,25,なし,自己所有,2,専門職,1,無,外国人労働者,優良顧客
口座未開設,12,延滞あり,修繕費,1555,1000マルク以上,7年以上,4,独身男性,なし,4,不明・資産なし,55,なし,無料物件,2,専門職,2,無,外国人労働者,不良顧客
0マルク未満,24,延滞なし,新車,1285,不明・未開設,4年以上7年未満,4,結婚歴あり女性,なし,4,不明・資産なし,32,なし,賃貸,1,専門職,1,無,外国人労働者,不良顧客
200マルク以上,6,問題履歴あり,新車,1299,100マルク未満,1年以上4年未満,1,独身男性,なし,1,不動産,74,なし,自己所有,3,非就労者・非正規労働者,2,無,非外国人労働者,優良顧客
200マルク以上,15,問題履歴あり,テレビ,1271,不明・未開設,1年以上4年未満,3,独身男性,なし,4,不明・資産なし,39,なし,無料物件,2,専門職,1,有,外国人労働者,不良顧客
口座未開設,24,延滞なし,新車,1393,100マルク未満,1年以上4年未満,2,独身男性,保証人あり,2,不動産,31,なし,自己所有,1,専門職,1,有,外国人労働者,優良顧客
0マルク未満,12,問題履歴あり,新車,691,100マルク未満,7年以上,4,独身男性,なし,3,生命保険,35,なし,自己所有,2,専門職,1,無,外国人労働者,不良顧客
口座未開設,15,問題履歴あり,新車,5045,不明・未開設,7年以上,1,結婚歴あり女性,なし,4,車・その他,59,なし,自己所有,1,専門職,1,有,外国人労働者,優良顧客
0マルク未満,18,問題履歴あり,家具類,2124,100マルク未満,1年以上4年未満,4,結婚歴あり女性,なし,4,不動産,24,なし,賃貸,2,専門職,1,無,外国人労働者,不良顧客
0マルク未満,12,延滞なし,テレビ,2214,100マルク未満,1年以上4年未満,4,独身男性,なし,3,生命保険,24,なし,自己所有,1,非専門職,1,無,外国人労働者,優良顧客
口座未開設,21,問題履歴あり,新車,12680,不明・未開設,7年以上,4,独身男性,なし,4,不明・資産なし,30,なし,無料物件,1,管理職・自営業者,1,有,外国人労働者,不良顧客
口座未開設,24,問題履歴あり,新車,2463,100以上500マルク未満,4年以上7年未満,4,既婚男性,なし,3,生命保険,27,なし,自己所有,2,専門職,1,有,外国人労働者,優良顧客
200マルク未満,12,延滞なし,テレビ,1155,100マルク未満,7年以上,3,既婚男性,保証人あり,3,不動産,40,銀行,自己所有,2,非専門職,1,無,外国人労働者,優良顧客
0マルク未満,30,延滞なし,家具類,3108,100マルク未満,1年未満,2,離婚歴あり男性,なし,4,生命保険,31,なし,自己所有,1,非専門職,1,無,外国人労働者,不良顧客
口座未開設,10,延滞なし,中古車,2901,不明・未開設,1年未満,1,結婚歴あり女性,なし,4,不動産,31,なし,賃貸,1,専門職,1,無,外国人労働者,優良顧客
200マルク未満,12,問題履歴あり,家具類,3617,100マルク未満,7年以上,1,独身男性,なし,4,車・その他,28,なし,賃貸,3,専門職,1,有,外国人労働者,優良顧客
口座未開設,12,問題履歴あり,テレビ,1655,100マルク未満,7年以上,2,独身男性,なし,4,不動産,63,なし,自己所有,2,非専門職,1,有,外国人労働者,優良顧客
0マルク未満,24,延滞なし,中古車,2812,不明・未開設,7年以上,2,結婚歴あり女性,なし,4,不動産,26,なし,賃貸,1,専門職,1,無,外国人労働者,優良顧客
0マルク未満,36,問題履歴あり,教育費,8065,100マルク未満,1年以上4年未満,3,結婚歴あり女性,なし,2,不明・資産なし,25,なし,自己所有,2,管理職・自営業者,1,有,外国人労働者,不良顧客
口座未開設,21,問題履歴あり,中古車,3275,100マルク未満,7年以上,1,独身男性,なし,4,車・その他,36,なし,自己所有,1,管理職・自営業者,1,有,外国人労働者,優良顧客
口座未開設,24,問題履歴あり,テレビ,2223,100以上500マルク未満,7年以上,4,独身男性,なし,4,生命保険,52,銀行,自己所有,2,専門職,1,無,外国人労働者,優良顧客
200マルク以上,12,問題履歴あり,新車,1480,500以上1000マルク未満,未就労,2,独身男性,なし,4,不明・資産なし,66,銀行,無料物件,3,非就労者・非正規労働者,1,無,外国人労働者,優良顧客
0マルク未満,24,延滞なし,新車,1371,不明・未開設,1年以上4年未満,4,結婚歴あり女性,なし,4,不動産,25,なし,賃貸,1,専門職,1,無,外国人労働者,不良顧客
口座未開設,36,問題履歴あり,新車,3535,100マルク未満,4年以上7年未満,4,独身男性,なし,4,車・その他,37,なし,自己所有,2,専門職,1,有,外国人労働者,優良顧客
0マルク未満,18,延滞なし,テレビ,3509,100マルク未満,4年以上7年未満,4,結婚歴あり女性,保証人あり,1,不動産,25,なし,自己所有,1,専門職,1,無,外国人労働者,優良顧客
口座未開設,36,問題履歴あり,中古車,5711,1000マルク以上,7年以上,4,独身男性,なし,2,車・その他,38,なし,自己所有,2,管理職・自営業者,1,有,外国人労働者,優良顧客
200マルク未満,18,延滞なし,修繕費,3872,100マルク未満,未就労,2,結婚歴あり女性,なし,4,車・その他,67,なし,自己所有,1,専門職,1,有,外国人労働者,優良顧客
200マルク未満,39,問題履歴あり,テレビ,4933,100マルク未満,4年以上7年未満,2,独身男性,保証人あり,2,不動産,25,なし,自己所有,2,専門職,1,無,外国人労働者,不良顧客
口座未開設,24,問題履歴あり,新車,1940,1000マルク以上,7年以上,4,独身男性,なし,4,不動産,60,なし,自己所有,1,専門職,1,有,外国人労働者,優良顧客
200マルク未満,12,利用歴なし,職業訓練,1410,100マルク未満,1年以上4年未満,2,独身男性,なし,2,不動産,31,なし,自己所有,1,非専門職,1,有,外国人労働者,優良顧客
200マルク未満,12,延滞なし,新車,836,100以上500マルク未満,1年未満,4,結婚歴あり女性,なし,2,生命保険,23,銀行,自己所有,1,非専門職,1,無,外国人労働者,不良顧客
200マルク未満,20,延滞なし,中古車,6468,不明・未開設,未就労,1,離婚歴あり男性,なし,4,不動産,60,なし,自己所有,1,管理職・自営業者,1,有,外国人労働者,優良顧客
200マルク未満,18,延滞なし,ビジネス,1941,1000マルク以上,1年以上4年未満,4,独身男性,なし,2,生命保険,35,なし,自己所有,1,非専門職,1,有,外国人労働者,優良顧客
口座未開設,22,延滞なし,テレビ,2675,500以上1000マルク未満,7年以上,3,独身男性,なし,4,車・その他,40,なし,自己所有,1,専門職,1,無,外国人労働者,優良顧客
口座未開設,48,問題履歴あり,中古車,2751,不明・未開設,7年以上,4,独身男性,なし,3,車・その他,38,なし,自己所有,2,専門職,2,有,外国人労働者,優良顧客
200マルク未満,48,延滞あり,教育費,6224,100マルク未満,7年以上,4,独身男性,なし,4,不明・資産なし,50,なし,無料物件,1,専門職,1,無,外国人労働者,不良顧客
0マルク未満,40,問題履歴あり,教育費,5998,100マルク未満,1年以上4年未満,4,独身男性,なし,3,不明・資産なし,27,銀行,自己所有,1,専門職,1,有,外国人労働者,不良顧客
200マルク未満,21,延滞なし,ビジネス,1188,100マルク未満,7年以上,2,結婚歴あり女性,なし,4,生命保険,39,なし,自己所有,1,専門職,2,無,外国人労働者,不良顧客
口座未開設,24,延滞なし,中古車,6313,不明・未開設,7年以上,3,独身男性,なし,4,車・その他,41,なし,自己所有,1,管理職・自営業者,2,有,外国人労働者,優良顧客
口座未開設,6,問題履歴あり,家具類,1221,不明・未開設,1年以上4年未満,1,既婚男性,なし,2,生命保険,27,なし,自己所有,2,専門職,1,無,外国人労働者,優良顧客
200マルク以上,24,延滞なし,家具類,2892,100マルク未満,7年以上,3,離婚歴あり男性,なし,4,不明・資産なし,51,なし,無料物件,1,専門職,1,無,外国人労働者,優良顧客
口座未開設,24,延滞なし,家具類,3062,500以上1000マルク未満,7年以上,4,独身男性,なし,3,不明・資産なし,32,なし,賃貸,1,専門職,1,有,外国人労働者,優良顧客
口座未開設,9,延滞なし,家具類,2301,100以上500マルク未満,1年未満,2,結婚歴あり女性,なし,4,生命保険,22,なし,賃貸,1,専門職,1,無,外国人労働者,優良顧客
0マルク未満,18,延滞なし,中古車,7511,不明・未開設,7年以上,1,独身男性,なし,4,生命保険,51,なし,無料物件,1,専門職,2,有,外国人労働者,不良顧客
口座未開設,12,問題履歴あり,家具類,1258,100マルク未満,1年未満,2,結婚歴あり女性,なし,4,生命保険,22,なし,賃貸,2,非専門職,1,無,外国人労働者,優良顧客
口座未開設,24,延滞あり,新車,717,不明・未開設,7年以上,4,既婚男性,なし,4,車・その他,54,なし,自己所有,2,専門職,1,有,外国人労働者,優良顧客
200マルク未満,9,延滞なし,新車,1549,不明・未開設,1年未満,4,独身男性,なし,2,不動産,35,なし,自己所有,1,非就労者・非正規労働者,1,無,外国人労働者,優良顧客
口座未開設,24,問題履歴あり,教育費,1597,100マルク未満,7年以上,4,独身男性,なし,4,不明・資産なし,54,なし,無料物件,2,専門職,2,無,外国人労働者,優良顧客
200マルク未満,18,問題履歴あり,テレビ,1795,100マルク未満,7年以上,3,結婚歴あり女性,保証人あり,4,不動産,48,銀行,賃貸,2,非専門職,1,有,外国人労働者,優良顧客
0マルク未満,20,問題履歴あり,家具類,4272,100マルク未満,7年以上,1,結婚歴あり女性,なし,4,生命保険,24,なし,自己所有,2,専門職,1,無,外国人労働者,優良顧客
口座未開設,12,問題履歴あり,テレビ,976,不明・未開設,7年以上,4,独身男性,なし,4,車・その他,35,なし,自己所有,2,専門職,1,無,外国人労働者,優良顧客
200マルク未満,12,延滞なし,新車,7472,不明・未開設,未就労,1,結婚歴あり女性,なし,2,不動産,24,なし,賃貸,1,非就労者・非正規労働者,1,無,外国人労働者,優良顧客
0マルク未満,36,延滞なし,新車,9271,100マルク未満,4年以上7年未満,2,独身男性,なし,1,車・その他,24,なし,自己所有,1,専門職,1,有,外国人労働者,不良顧客
200マルク未満,6,延滞なし,テレビ,590,100マルク未満,1年未満,3,既婚男性,なし,3,不動産,26,なし,自己所有,1,非専門職,1,無,非外国人労働者,優良顧客
口座未開設,12,問題履歴あり,テレビ,930,不明・未開設,7年以上,4,独身男性,なし,4,不動産,65,なし,自己所有,4,専門職,1,無,外国人労働者,優良顧客
200マルク未満,42,すべて延滞なし,中古車,9283,100マルク未満,未就労,1,独身男性,なし,2,不明・資産なし,55,銀行,無料物件,1,管理職・自営業者,1,有,外国人労働者,優良顧客
200マルク未満,15,利用歴なし,新車,1778,100マルク未満,1年未満,2,結婚歴あり女性,なし,1,不動産,26,なし,賃貸,2,非就労者・非正規労働者,1,無,外国人労働者,不良顧客
200マルク未満,8,延滞なし,ビジネス,907,100マルク未満,1年未満,3,既婚男性,なし,2,不動産,26,なし,自己所有,1,専門職,1,有,外国人労働者,優良顧客
200マルク未満,6,延滞なし,テレビ,484,100マルク未満,4年以上7年未満,3,既婚男性,保証人あり,3,不動産,28,銀行,自己所有,1,非専門職,1,無,外国人労働者,優良顧客
0マルク未満,36,問題履歴あり,中古車,9629,100マルク未満,4年以上7年未満,4,独身男性,なし,4,車・その他,24,なし,自己所有,2,専門職,1,有,外国人労働者,不良顧客
0マルク未満,48,延滞なし,家庭電化製品,3051,100マルク未満,1年以上4年未満,3,独身男性,なし,4,車・その他,54,なし,自己所有,1,専門職,1,無,外国人労働者,不良顧客
0マルク未満,48,延滞なし,新車,3931,100マルク未満,4年以上7年未満,4,独身男性,なし,4,不明・資産なし,46,なし,無料物件,1,専門職,2,無,外国人労働者,不良顧客
200マルク未満,36,延滞あり,新車,7432,100マルク未満,1年以上4年未満,2,結婚歴あり女性,なし,2,生命保険,54,なし,賃貸,1,専門職,1,無,外国人労働者,優良顧客
口座未開設,6,延滞なし,家庭電化製品,1338,500以上1000マルク未満,1年以上4年未満,1,離婚歴あり男性,なし,4,不動産,62,なし,自己所有,1,専門職,1,無,外国人労働者,優良顧客
口座未開設,6,問題履歴あり,テレビ,1554,100マルク未満,4年以上7年未満,1,結婚歴あり女性,なし,2,車・その他,24,なし,賃貸,2,専門職,1,有,外国人労働者,優良顧客
0マルク未満,36,延滞なし,その他,15857,100マルク未満,未就労,2,離婚歴あり男性,連帯債務者あり,3,車・その他,43,なし,自己所有,1,管理職・自営業者,1,無,外国人労働者,優良顧客
0マルク未満,18,延滞なし,テレビ,1345,100マルク未満,1年以上4年未満,4,既婚男性,なし,3,不動産,26,銀行,自己所有,1,専門職,1,無,外国人労働者,不良顧客
口座未開設,12,延滞なし,新車,1101,100マルク未満,1年以上4年未満,3,既婚男性,なし,2,不動産,27,なし,自己所有,2,専門職,1,有,外国人労働者,優良顧客
200マルク以上,12,延滞なし,テレビ,3016,100マルク未満,1年以上4年未満,3,既婚男性,なし,1,車・その他,24,なし,自己所有,1,専門職,1,無,外国人労働者,優良顧客
0マルク未満,36,延滞なし,家具類,2712,100マルク未満,7年以上,2,独身男性,なし,2,生命保険,41,銀行,自己所有,1,専門職,2,無,外国人労働者,不良顧客
0マルク未満,8,問題履歴あり,新車,731,100マルク未満,7年以上,4,独身男性,なし,4,不動産,47,なし,自己所有,2,非専門職,1,無,外国人労働者,優良顧客
口座未開設,18,問題履歴あり,家具類,3780,100マルク未満,1年未満,3,離婚歴あり男性,なし,2,車・その他,35,なし,自己所有,2,管理職・自営業者,1,有,外国人労働者,優良顧客
0マルク未満,21,問題履歴あり,新車,1602,100マルク未満,7年以上,4,既婚男性,なし,3,車・その他,30,なし,自己所有,2,専門職,1,有,外国人労働者,優良顧客
0マルク未満,18,問題履歴あり,新車,3966,100マルク未満,7年以上,1,結婚歴あり女性,なし,4,不動産,33,銀行,賃貸,3,専門職,1,有,外国人労働者,不良顧客
口座未開設,18,利用歴なし,ビジネス,4165,100マルク未満,1年以上4年未満,2,独身男性,なし,2,車・その他,36,商店,自己所有,2,専門職,2,無,外国人労働者,不良顧客
0マルク未満,36,延滞なし,中古車,8335,不明・未開設,7年以上,3,独身男性,なし,4,不明・資産なし,47,なし,無料物件,1,専門職,1,無,外国人労働者,不良顧客
200マルク未満,48,延滞あり,ビジネス,6681,不明・未開設,1年以上4年未満,4,独身男性,なし,4,不明・資産なし,38,なし,無料物件,1,専門職,2,有,外国人労働者,優良顧客
口座未開設,24,延滞あり,ビジネス,2375,500以上1000マルク未満,1年以上4年未満,4,独身男性,なし,2,車・その他,44,なし,自己所有,2,専門職,2,有,外国人労働者,優良顧客
0マルク未満,18,延滞なし,新車,1216,100マルク未満,1年未満,4,結婚歴あり女性,なし,3,車・その他,23,なし,賃貸,1,専門職,1,有,外国人労働者,不良顧客
0マルク未満,45,利用歴なし,ビジネス,11816,100マルク未満,7年以上,2,独身男性,なし,4,車・その他,29,なし,賃貸,2,専門職,1,無,外国人労働者,不良顧客
200マルク未満,24,延滞なし,テレビ,5084,不明・未開設,7年以上,2,結婚歴あり女性,なし,4,車・その他,42,なし,自己所有,1,専門職,1,有,外国人労働者,優良顧客
200マルク以上,15,延滞なし,テレビ,2327,100マルク未満,1年未満,2,結婚歴あり女性,なし,3,不動産,25,なし,自己所有,1,非専門職,1,無,外国人労働者,不良顧客
0マルク未満,12,利用歴なし,新車,1082,100マルク未満,1年以上4年未満,4,独身男性,なし,4,車・その他,48,銀行,自己所有,2,専門職,1,無,外国人労働者,不良顧客
口座未開設,12,延滞なし,テレビ,886,不明・未開設,1年以上4年未満,4,結婚歴あり女性,なし,2,車・その他,21,なし,自己所有,1,専門職,1,無,外国人労働者,優良顧客
口座未開設,4,延滞なし,家具類,601,100マルク未満,1年未満,1,結婚歴あり女性,なし,3,不動産,23,なし,賃貸,1,非専門職,2,無,外国人労働者,優良顧客
0マルク未満,24,問題履歴あり,中古車,2957,100マルク未満,7年以上,4,独身男性,なし,4,生命保険,63,なし,自己所有,2,専門職,1,有,外国人労働者,優良顧客
口座未開設,24,問題履歴あり,テレビ,2611,100マルク未満,7年以上,4,既婚男性,連帯債務者あり,3,不動産,46,なし,自己所有,2,専門職,1,無,外国人労働者,優良顧客
0マルク未満,36,延滞なし,家具類,5179,100マルク未満,4年以上7年未満,4,独身男性,なし,2,生命保険,29,なし,自己所有,1,専門職,1,無,外国人労働者,不良顧客
口座未開設,21,延滞あり,中古車,2993,100マルク未満,1年以上4年未満,3,独身男性,なし,2,不動産,28,商店,自己所有,2,非専門職,1,無,外国人労働者,優良顧客
口座未開設,18,延滞なし,修繕費,1943,100マルク未満,1年未満,4,結婚歴あり女性,なし,4,不動産,23,なし,自己所有,1,専門職,1,無,外国人労働者,不良顧客
口座未開設,24,すべて延滞なし,ビジネス,1559,100マルク未満,4年以上7年未満,4,独身男性,なし,4,車・その他,50,銀行,自己所有,1,専門職,1,有,外国人労働者,優良顧客
口座未開設,18,延滞なし,家具類,3422,100マルク未満,7年以上,4,独身男性,なし,4,生命保険,47,銀行,自己所有,3,専門職,2,有,外国人労働者,優良顧客
200マルク未満,21,延滞なし,家具類,3976,不明・未開設,4年以上7年未満,2,独身男性,なし,3,車・その他,35,なし,自己所有,1,専門職,1,有,外国人労働者,優良顧客
口座未開設,18,延滞なし,新車,6761,不明・未開設,1年以上4年未満,2,独身男性,なし,4,車・その他,68,なし,賃貸,2,専門職,1,無,外国人労働者,不良顧客
口座未開設,24,延滞なし,新車,1249,100マルク未満,1年未満,4,既婚男性,なし,2,不動産,28,なし,自己所有,1,専門職,1,無,外国人労働者,優良顧客
0マルク未満,9,延滞なし,テレビ,1364,100マルク未満,4年以上7年未満,3,独身男性,なし,4,不動産,59,なし,自己所有,1,専門職,1,無,外国人労働者,優良顧客
0マルク未満,12,延滞なし,テレビ,709,100マルク未満,7年以上,4,独身男性,なし,4,不動産,57,商店,自己所有,1,非専門職,1,無,外国人労働者,不良顧客
0マルク未満,20,問題履歴あり,新車,2235,100マルク未満,1年以上4年未満,4,既婚男性,保証人あり,2,生命保険,33,銀行,賃貸,2,専門職,1,無,非外国人労働者,不良顧客
口座未開設,24,問題履歴あり,中古車,4042,不明・未開設,4年以上7年未満,3,独身男性,なし,4,生命保険,43,なし,自己所有,2,専門職,1,有,外国人労働者,優良顧客
口座未開設,15,問題履歴あり,テレビ,1471,100マルク未満,1年以上4年未満,4,独身男性,なし,4,不明・資産なし,35,なし,無料物件,2,専門職,1,有,外国人労働者,優良顧客
0マルク未満,18,すべて延滞なし,新車,1442,100マルク未満,4年以上7年未満,4,独身男性,なし,4,不明・資産なし,32,なし,無料物件,2,非専門職,2,無,外国人労働者,不良顧客
口座未開設,36,延滞あり,新車,10875,100マルク未満,7年以上,2,独身男性,なし,2,車・その他,45,なし,自己所有,2,専門職,2,有,外国人労働者,優良顧客
口座未開設,24,延滞なし,新車,1474,100以上500マルク未満,1年未満,4,既婚男性,なし,3,不動産,33,なし,自己所有,1,専門職,1,有,外国人労働者,優良顧客
口座未開設,10,延滞なし,職業訓練,894,不明・未開設,4年以上7年未満,4,結婚歴あり女性,なし,3,生命保険,40,なし,自己所有,1,専門職,1,有,外国人労働者,優良顧客
口座未開設,15,問題履歴あり,家具類,3343,100マルク未満,1年以上4年未満,4,独身男性,なし,2,不明・資産なし,28,なし,無料物件,1,専門職,1,有,外国人労働者,優良顧客
0マルク未満,15,延滞なし,新車,3959,100マルク未満,1年以上4年未満,3,結婚歴あり女性,なし,2,生命保険,29,なし,自己所有,1,専門職,1,有,外国人労働者,不良顧客
口座未開設,9,延滞なし,新車,3577,100以上500マルク未満,1年以上4年未満,1,独身男性,保証人あり,2,不動産,26,なし,賃貸,1,専門職,2,無,非外国人労働者,優良顧客
口座未開設,24,問題履歴あり,中古車,5804,1000マルク以上,1年以上4年未満,4,独身男性,なし,2,不動産,27,なし,自己所有,2,専門職,1,無,外国人労働者,優良顧客
口座未開設,18,延滞あり,ビジネス,2169,100マルク未満,1年以上4年未満,4,既婚男性,なし,2,車・その他,28,なし,自己所有,1,専門職,1,有,外国人労働者,不良顧客
0マルク未満,24,延滞なし,テレビ,2439,100マルク未満,1年未満,4,結婚歴あり女性,なし,4,不動産,35,なし,自己所有,1,専門職,1,有,外国人労働者,不良顧客
口座未開設,27,問題履歴あり,家具類,4526,1000マルク以上,1年未満,4,独身男性,なし,2,不動産,32,商店,自己所有,2,非専門職,2,有,外国人労働者,優良顧客
口座未開設,10,延滞なし,家具類,2210,100マルク未満,1年以上4年未満,2,独身男性,なし,2,不動産,25,銀行,賃貸,1,非専門職,1,無,外国人労働者,不良顧客
口座未開設,15,延滞なし,家具類,2221,500以上1000マルク未満,1年以上4年未満,2,結婚歴あり女性,なし,4,車・その他,20,なし,賃貸,1,専門職,1,無,外国人労働者,優良顧客
0マルク未満,18,延滞なし,テレビ,2389,100マルク未満,1年未満,4,結婚歴あり女性,なし,1,車・その他,27,商店,自己所有,1,専門職,1,無,外国人労働者,優良顧客
口座未開設,12,問題履歴あり,家具類,3331,100マルク未満,7年以上,2,独身男性,なし,4,生命保険,42,商店,自己所有,1,専門職,1,無,外国人労働者,優良顧客
口座未開設,36,延滞なし,ビジネス,7409,不明・未開設,7年以上,3,独身男性,なし,2,生命保険,37,なし,自己所有,2,専門職,1,無,外国人労働者,優良顧客
0マルク未満,12,延滞なし,家具類,652,100マルク未満,7年以上,4,結婚歴あり女性,なし,4,生命保険,24,なし,賃貸,1,専門職,1,無,外国人労働者,優良顧客
口座未開設,36,延滞あり,家具類,7678,500以上1000マルク未満,4年以上7年未満,2,結婚歴あり女性,なし,4,車・その他,40,なし,自己所有,2,専門職,1,有,外国人労働者,優良顧客
200マルク以上,6,問題履歴あり,新車,1343,100マルク未満,7年以上,1,独身男性,なし,4,不動産,46,なし,自己所有,2,専門職,2,無,非外国人労働者,優良顧客
0マルク未満,24,問題履歴あり,ビジネス,1382,100以上500マルク未満,4年以上7年未満,4,独身男性,なし,1,不動産,26,なし,自己所有,2,専門職,1,有,外国人労働者,優良顧客
口座未開設,15,延滞なし,家庭電化製品,874,不明・未開設,1年未満,4,結婚歴あり女性,なし,1,不動産,24,なし,自己所有,1,専門職,1,無,外国人労働者,優良顧客
0マルク未満,12,延滞なし,家具類,3590,100マルク未満,1年以上4年未満,2,独身男性,連帯債務者あり,2,生命保険,29,なし,自己所有,1,非専門職,2,無,外国人労働者,優良顧客
200マルク未満,11,問題履歴あり,新車,1322,1000マルク以上,1年以上4年未満,4,結婚歴あり女性,なし,4,車・その他,40,なし,自己所有,2,専門職,1,無,外国人労働者,優良顧客
0マルク未満,18,すべて延滞なし,テレビ,1940,100マルク未満,1年未満,3,独身男性,連帯債務者あり,4,不明・資産なし,36,銀行,無料物件,1,管理職・自営業者,1,有,外国人労働者,優良顧客
口座未開設,36,延滞なし,テレビ,3595,100マルク未満,7年以上,4,独身男性,なし,2,車・その他,28,なし,自己所有,1,専門職,1,無,外国人労働者,優良顧客
0マルク未満,9,延滞なし,新車,1422,100マルク未満,1年未満,3,独身男性,なし,2,不明・資産なし,27,なし,無料物件,1,管理職・自営業者,1,有,外国人労働者,不良顧客
口座未開設,30,問題履歴あり,テレビ,6742,不明・未開設,4年以上7年未満,2,独身男性,なし,3,生命保険,36,なし,自己所有,2,専門職,1,無,外国人労働者,優良顧客
口座未開設,24,延滞なし,中古車,7814,100マルク未満,4年以上7年未満,3,独身男性,なし,3,車・その他,38,なし,自己所有,1,管理職・自営業者,1,有,外国人労働者,優良顧客
口座未開設,24,延滞なし,中古車,9277,不明・未開設,1年以上4年未満,2,離婚歴あり男性,なし,4,不明・資産なし,48,なし,無料物件,1,専門職,1,有,外国人労働者,優良顧客
200マルク未満,30,問題履歴あり,新車,2181,不明・未開設,7年以上,4,独身男性,なし,4,不動産,36,なし,自己所有,2,専門職,1,無,外国人労働者,優良顧客
口座未開設,18,問題履歴あり,テレビ,1098,100マルク未満,未就労,4,結婚歴あり女性,なし,4,車・その他,65,なし,自己所有,2,非就労者・非正規労働者,1,無,外国人労働者,優良顧客
200マルク未満,24,延滞なし,家具類,4057,100マルク未満,4年以上7年未満,3,離婚歴あり男性,なし,3,車・その他,43,なし,自己所有,1,専門職,1,有,外国人労働者,不良顧客
0マルク未満,12,延滞なし,教育費,795,100マルク未満,1年未満,4,結婚歴あり女性,なし,4,生命保険,53,なし,自己所有,1,専門職,1,無,外国人労働者,不良顧客
200マルク未満,24,問題履歴あり,ビジネス,2825,不明・未開設,4年以上7年未満,4,独身男性,なし,3,不明・資産なし,34,なし,自己所有,2,専門職,2,有,外国人労働者,優良顧客
200マルク未満,48,延滞なし,ビジネス,15672,100マルク未満,1年以上4年未満,2,独身男性,なし,2,車・その他,23,なし,自己所有,1,専門職,1,有,外国人労働者,不良顧客
口座未開設,36,問題履歴あり,新車,6614,100マルク未満,7年以上,4,独身男性,なし,4,車・その他,34,なし,自己所有,2,管理職・自営業者,1,有,外国人労働者,優良顧客
口座未開設,28,すべて延滞なし,中古車,7824,不明・未開設,1年未満,3,独身男性,保証人あり,4,不動産,40,銀行,賃貸,2,専門職,2,有,外国人労働者,優良顧客
0マルク未満,27,問題履歴あり,ビジネス,2442,100マルク未満,7年以上,4,独身男性,なし,4,車・その他,43,商店,自己所有,4,管理職・自営業者,2,有,外国人労働者,優良顧客
口座未開設,15,問題履歴あり,テレビ,1829,100マルク未満,7年以上,4,独身男性,なし,4,車・その他,46,なし,自己所有,2,専門職,1,有,外国人労働者,優良顧客
0マルク未満,12,問題履歴あり,新車,2171,100マルク未満,1年以上4年未満,4,独身男性,なし,4,生命保険,38,銀行,自己所有,2,非専門職,1,無,非外国人労働者,優良顧客
200マルク未満,36,問題履歴あり,中古車,5800,100マルク未満,1年以上4年未満,3,独身男性,なし,4,車・その他,34,なし,自己所有,2,専門職,1,有,外国人労働者,優良顧客
口座未開設,18,問題履歴あり,テレビ,1169,不明・未開設,1年以上4年未満,4,独身男性,なし,3,生命保険,29,なし,自己所有,2,専門職,1,有,外国人労働者,優良顧客
口座未開設,36,延滞あり,中古車,8947,不明・未開設,4年以上7年未満,3,独身男性,なし,2,車・その他,31,商店,自己所有,1,管理職・自営業者,2,有,外国人労働者,優良顧客
0マルク未満,21,延滞なし,テレビ,2606,100マルク未満,1年未満,4,結婚歴あり女性,なし,4,生命保険,28,なし,賃貸,1,管理職・自営業者,1,有,外国人労働者,優良顧客
口座未開設,12,問題履歴あり,家具類,1592,1000マルク以上,4年以上7年未満,3,結婚歴あり女性,なし,2,生命保険,35,なし,自己所有,1,専門職,1,無,非外国人労働者,優良顧客
口座未開設,15,延滞なし,家具類,2186,不明・未開設,4年以上7年未満,1,結婚歴あり女性,なし,4,不動産,33,銀行,賃貸,1,非専門職,1,無,外国人労働者,優良顧客
0マルク未満,18,延滞なし,家具類,4153,100マルク未満,1年以上4年未満,2,独身男性,連帯債務者あり,3,車・その他,42,なし,自己所有,1,専門職,1,無,外国人労働者,不良顧客
0マルク未満,16,問題履歴あり,新車,2625,100マルク未満,7年以上,2,独身男性,保証人あり,4,生命保険,43,銀行,賃貸,1,専門職,1,有,外国人労働者,不良顧客
口座未開設,20,問題履歴あり,新車,3485,不明・未開設,1年未満,2,離婚歴あり男性,なし,4,不動産,44,なし,自己所有,2,専門職,1,有,外国人労働者,優良顧客
口座未開設,36,問題履歴あり,中古車,10477,不明・未開設,7年以上,2,独身男性,なし,4,不明・資産なし,42,なし,無料物件,2,専門職,1,無,外国人労働者,優良顧客
口座未開設,15,延滞なし,テレビ,1386,不明・未開設,1年以上4年未満,4,既婚男性,なし,2,不動産,40,なし,賃貸,1,専門職,1,有,外国人労働者,優良顧客
口座未開設,24,延滞なし,テレビ,1278,100マルク未満,7年以上,4,独身男性,なし,1,不動産,36,なし,自己所有,1,管理職・自営業者,1,有,外国人労働者,優良顧客
0マルク未満,12,延滞なし,テレビ,1107,100マルク未満,1年以上4年未満,2,独身男性,なし,2,不動産,20,なし,賃貸,1,管理職・自営業者,2,有,外国人労働者,優良顧客
0マルク未満,21,延滞なし,新車,3763,不明・未開設,4年以上7年未満,2,独身男性,連帯債務者あり,2,不動産,24,なし,自己所有,1,非専門職,1,無,非外国人労働者,優良顧客
200マルク未満,36,延滞なし,教育費,3711,不明・未開設,1年以上4年未満,2,既婚男性,なし,2,車・その他,27,なし,自己所有,1,専門職,1,無,外国人労働者,優良顧客
口座未開設,15,延滞あり,中古車,3594,100マルク未満,1年未満,1,結婚歴あり女性,なし,2,生命保険,46,なし,自己所有,2,非専門職,1,無,外国人労働者,優良顧客
200マルク未満,9,延滞なし,新車,3195,不明・未開設,1年以上4年未満,1,結婚歴あり女性,なし,2,不動産,33,なし,自己所有,1,非専門職,1,無,外国人労働者,優良顧客
口座未開設,36,延滞あり,テレビ,4454,100マルク未満,1年以上4年未満,4,結婚歴あり女性,なし,4,不動産,34,なし,自己所有,2,専門職,1,無,外国人労働者,優良顧客
200マルク未満,24,問題履歴あり,家具類,4736,100マルク未満,1年未満,2,結婚歴あり女性,なし,4,車・その他,25,銀行,自己所有,1,非専門職,1,無,外国人労働者,不良顧客
200マルク未満,30,延滞なし,テレビ,2991,不明・未開設,7年以上,2,結婚歴あり女性,なし,4,車・その他,25,なし,自己所有,1,専門職,1,無,外国人労働者,優良顧客
口座未開設,11,延滞なし,ビジネス,2142,1000マルク以上,7年以上,1,離婚歴あり男性,なし,2,不動産,28,なし,自己所有,1,専門職,1,有,外国人労働者,優良顧客
0マルク未満,24,すべて延滞なし,ビジネス,3161,100マルク未満,1年以上4年未満,4,独身男性,なし,2,生命保険,31,なし,賃貸,1,専門職,1,有,外国人労働者,不良顧客
200マルク未満,48,利用歴なし,その他,18424,100マルク未満,1年以上4年未満,1,結婚歴あり女性,なし,2,生命保険,32,銀行,自己所有,1,管理職・自営業者,1,有,非外国人労働者,不良顧客
口座未開設,10,延滞なし,中古車,2848,100以上500マルク未満,1年以上4年未満,1,独身男性,連帯債務者あり,2,不動産,32,なし,自己所有,1,専門職,2,無,外国人労働者,優良顧客
0マルク未満,6,延滞なし,新車,14896,100マルク未満,7年以上,1,独身男性,なし,4,不明・資産なし,68,銀行,自己所有,1,管理職・自営業者,1,有,外国人労働者,不良顧客
0マルク未満,24,延滞なし,家具類,2359,100以上500マルク未満,未就労,1,離婚歴あり男性,なし,1,生命保険,33,なし,自己所有,1,専門職,1,無,外国人労働者,不良顧客
0マルク未満,24,延滞なし,家具類,3345,100マルク未満,7年以上,4,独身男性,なし,2,生命保険,39,なし,賃貸,1,管理職・自営業者,1,有,外国人労働者,不良顧客
口座未開設,18,問題履歴あり,家具類,1817,100マルク未満,1年以上4年未満,4,結婚歴あり女性,なし,2,不明・資産なし,28,なし,自己所有,2,専門職,1,無,外国人労働者,優良顧客
口座未開設,48,延滞あり,テレビ,12749,500以上1000マルク未満,4年以上7年未満,4,独身男性,なし,1,車・その他,37,なし,自己所有,1,管理職・自営業者,1,有,外国人労働者,優良顧客
0マルク未満,9,延滞なし,テレビ,1366,100マルク未満,1年未満,3,結婚歴あり女性,なし,4,生命保険,22,なし,賃貸,1,専門職,1,無,外国人労働者,不良顧客
200マルク未満,12,延滞なし,新車,2002,100マルク未満,4年以上7年未満,3,独身男性,なし,4,生命保険,30,なし,賃貸,1,専門職,2,有,外国人労働者,優良顧客
0マルク未満,24,すべて延滞なし,家具類,6872,100マルク未満,1年未満,2,離婚歴あり男性,なし,1,生命保険,55,銀行,自己所有,1,専門職,1,有,外国人労働者,不良顧客
0マルク未満,12,すべて延滞なし,新車,697,100マルク未満,1年未満,4,独身男性,なし,2,車・その他,46,銀行,自己所有,2,専門職,1,有,外国人労働者,不良顧客
0マルク未満,18,問題履歴あり,家具類,1049,100マルク未満,1年未満,4,結婚歴あり女性,なし,4,生命保険,21,なし,賃貸,1,専門職,1,無,外国人労働者,優良顧客
0マルク未満,48,延滞なし,中古車,10297,100マルク未満,4年以上7年未満,4,独身男性,なし,4,不明・資産なし,39,商店,無料物件,3,専門職,2,有,外国人労働者,不良顧客
口座未開設,30,延滞なし,テレビ,1867,不明・未開設,7年以上,4,独身男性,なし,4,車・その他,58,なし,自己所有,1,専門職,1,有,外国人労働者,優良顧客
0マルク未満,12,延滞あり,新車,1344,100マルク未満,1年以上4年未満,4,独身男性,なし,2,不動産,43,なし,自己所有,2,非専門職,2,無,外国人労働者,優良顧客
0マルク未満,24,延滞なし,家具類,1747,100マルク未満,1年未満,4,独身男性,連帯債務者あり,1,生命保険,24,なし,自己所有,1,非専門職,1,無,非外国人労働者,優良顧客
200マルク未満,9,延滞なし,テレビ,1670,100マルク未満,1年未満,4,結婚歴あり女性,なし,2,車・その他,22,なし,自己所有,1,専門職,1,有,外国人労働者,不良顧客
口座未開設,9,問題履歴あり,新車,1224,100マルク未満,1年以上4年未満,3,独身男性,なし,1,不動産,30,なし,自己所有,2,専門職,1,無,外国人労働者,優良顧客
口座未開設,12,問題履歴あり,テレビ,522,500以上1000マルク未満,7年以上,4,独身男性,なし,4,生命保険,42,なし,自己所有,2,専門職,2,有,外国人労働者,優良顧客
0マルク未満,12,延滞なし,テレビ,1498,100マルク未満,1年以上4年未満,4,結婚歴あり女性,なし,1,車・その他,23,銀行,自己所有,1,専門職,1,無,外国人労働者,優良顧客
200マルク未満,30,延滞あり,テレビ,1919,100以上500マルク未満,1年未満,4,独身男性,なし,3,不明・資産なし,30,商店,自己所有,2,管理職・自営業者,1,無,外国人労働者,不良顧客
200マルク以上,9,延滞なし,テレビ,745,100マルク未満,1年以上4年未満,3,結婚歴あり女性,なし,2,不動産,28,なし,自己所有,1,非専門職,1,無,外国人労働者,不良顧客
200マルク未満,6,延滞なし,テレビ,2063,100マルク未満,1年未満,4,既婚男性,なし,3,車・その他,30,なし,賃貸,1,管理職・自営業者,1,有,外国人労働者,優良顧客
200マルク未満,60,延滞なし,教育費,6288,100マルク未満,1年以上4年未満,4,独身男性,なし,4,不明・資産なし,42,なし,無料物件,1,専門職,1,無,外国人労働者,不良顧客
口座未開設,24,問題履歴あり,中古車,6842,不明・未開設,1年以上4年未満,2,独身男性,なし,4,生命保険,46,なし,自己所有,2,管理職・自営業者,2,有,外国人労働者,優良顧客
口座未開設,12,延滞なし,新車,3527,不明・未開設,1年未満,2,独身男性,なし,3,生命保険,45,なし,自己所有,1,管理職・自営業者,2,有,外国人労働者,優良顧客
口座未開設,10,延滞なし,新車,1546,100マルク未満,1年以上4年未満,3,独身男性,なし,2,不動産,31,なし,自己所有,1,非専門職,2,無,非外国人労働者,優良顧客
口座未開設,24,延滞なし,家具類,929,不明・未開設,4年以上7年未満,4,独身男性,なし,2,車・その他,31,商店,自己所有,1,専門職,1,有,外国人労働者,優良顧客
口座未開設,4,問題履歴あり,新車,1455,100マルク未満,4年以上7年未満,2,独身男性,なし,1,不動産,42,なし,自己所有,3,非専門職,2,無,外国人労働者,優良顧客
0マルク未満,15,延滞なし,家具類,1845,100マルク未満,1年未満,4,結婚歴あり女性,保証人あり,1,生命保険,46,なし,賃貸,1,専門職,1,無,外国人労働者,優良顧客
200マルク未満,48,利用歴なし,新車,8358,500以上1000マルク未満,1年未満,1,結婚歴あり女性,なし,1,車・その他,30,なし,自己所有,2,専門職,1,無,外国人労働者,優良顧客
0マルク未満,24,すべて延滞なし,家具類,3349,500以上1000マルク未満,1年未満,4,独身男性,なし,4,不明・資産なし,30,なし,無料物件,1,専門職,2,有,外国人労働者,不良顧客
口座未開設,12,延滞なし,新車,2859,不明・未開設,未就労,4,独身男性,なし,4,不明・資産なし,38,なし,自己所有,1,管理職・自営業者,1,有,外国人労働者,優良顧客
口座未開設,18,延滞なし,家具類,1533,100マルク未満,1年未満,4,既婚男性,連帯債務者あり,1,生命保険,43,なし,自己所有,1,非専門職,2,無,外国人労働者,不良顧客
口座未開設,24,延滞なし,テレビ,3621,100以上500マルク未満,7年以上,2,独身男性,なし,4,車・その他,31,なし,自己所有,2,専門職,1,無,外国人労働者,不良顧客
200マルク未満,18,問題履歴あり,ビジネス,3590,100マルク未満,未就労,3,既婚男性,なし,3,車・その他,40,なし,自己所有,3,非就労者・非正規労働者,2,有,外国人労働者,優良顧客
0マルク未満,36,延滞あり,ビジネス,2145,100マルク未満,4年以上7年未満,2,独身男性,なし,1,車・その他,24,なし,自己所有,2,専門職,1,有,外国人労働者,不良顧客
200マルク未満,24,延滞なし,中古車,4113,500以上1000マルク未満,1年未満,3,結婚歴あり女性,なし,4,車・その他,28,なし,賃貸,1,専門職,1,無,外国人労働者,不良顧客
口座未開設,36,延滞なし,家具類,10974,100マルク未満,未就労,4,結婚歴あり女性,なし,2,車・その他,26,なし,自己所有,2,管理職・自営業者,1,有,外国人労働者,不良顧客
0マルク未満,12,延滞なし,新車,1893,100マルク未満,1年以上4年未満,4,結婚歴あり女性,保証人あり,4,生命保険,29,なし,自己所有,1,専門職,1,有,外国人労働者,優良顧客
0マルク未満,24,問題履歴あり,テレビ,1231,1000マルク以上,7年以上,4,結婚歴あり女性,なし,4,生命保険,57,なし,賃貸,2,管理職・自営業者,1,有,外国人労働者,優良顧客
200マルク以上,30,問題履歴あり,テレビ,3656,不明・未開設,7年以上,4,独身男性,なし,4,生命保険,49,商店,自己所有,2,非専門職,1,無,外国人労働者,優良顧客
200マルク未満,9,問題履歴あり,テレビ,1154,100マルク未満,7年以上,2,独身男性,なし,4,不動産,37,なし,自己所有,3,非専門職,1,無,外国人労働者,優良顧客
0マルク未満,28,延滞なし,新車,4006,100マルク未満,1年以上4年未満,3,独身男性,なし,2,車・その他,45,なし,自己所有,1,非専門職,1,無,外国人労働者,不良顧客
200マルク未満,24,延滞なし,家具類,3069,100以上500マルク未満,7年以上,4,独身男性,なし,4,不明・資産なし,30,なし,無料物件,1,専門職,1,無,外国人労働者,優良顧客
口座未開設,6,問題履歴あり,テレビ,1740,100マルク未満,7年以上,2,既婚男性,なし,2,不動産,30,なし,賃貸,2,専門職,1,無,外国人労働者,優良顧客
200マルク未満,21,延滞あり,新車,2353,100マルク未満,1年以上4年未満,1,離婚歴あり男性,なし,4,生命保険,47,なし,自己所有,2,専門職,1,無,外国人労働者,優良顧客
口座未開設,15,延滞なし,新車,3556,不明・未開設,1年以上4年未満,3,独身男性,なし,2,不明・資産なし,29,なし,自己所有,1,専門職,1,無,外国人労働者,優良顧客
口座未開設,24,延滞なし,テレビ,2397,500以上1000マルク未満,7年以上,3,独身男性,なし,2,車・その他,35,銀行,自己所有,2,専門職,1,有,外国人労働者,不良顧客
200マルク未満,6,延滞なし,修繕費,454,100マルク未満,1年未満,3,既婚男性,なし,1,生命保険,22,なし,自己所有,1,非専門職,1,無,外国人労働者,優良顧客
200マルク未満,30,延滞なし,テレビ,1715,不明・未開設,1年以上4年未満,4,結婚歴あり女性,なし,1,車・その他,26,なし,自己所有,1,専門職,1,無,外国人労働者,優良顧客
200マルク未満,27,問題履歴あり,テレビ,2520,500以上1000マルク未満,1年以上4年未満,4,独身男性,なし,2,生命保険,23,なし,自己所有,2,非専門職,1,無,外国人労働者,不良顧客
口座未開設,15,延滞なし,テレビ,3568,100マルク未満,7年以上,4,結婚歴あり女性,なし,2,車・その他,54,銀行,賃貸,1,管理職・自営業者,1,有,外国人労働者,優良顧客
口座未開設,42,延滞なし,テレビ,7166,不明・未開設,4年以上7年未満,2,既婚男性,なし,4,生命保険,29,なし,賃貸,1,専門職,1,有,外国人労働者,優良顧客
0マルク未満,11,問題履歴あり,新車,3939,100マルク未満,1年以上4年未満,1,独身男性,なし,2,不動産,40,なし,自己所有,2,非専門職,2,無,外国人労働者,優良顧客
200マルク未満,15,延滞なし,修繕費,1514,100以上500マルク未満,1年以上4年未満,4,独身男性,保証人あり,2,不動産,22,なし,自己所有,1,専門職,1,無,外国人労働者,優良顧客
口座未開設,24,延滞なし,新車,7393,100マルク未満,1年以上4年未満,1,独身男性,なし,4,生命保険,43,なし,自己所有,1,非専門職,2,無,外国人労働者,優良顧客
0マルク未満,24,すべて延滞なし,新車,1193,100マルク未満,未就労,1,結婚歴あり女性,連帯債務者あり,4,不明・資産なし,29,なし,賃貸,2,非就労者・非正規労働者,1,無,外国人労働者,不良顧客
0マルク未満,60,延滞なし,ビジネス,7297,100マルク未満,7年以上,4,独身男性,連帯債務者あり,4,不明・資産なし,36,なし,賃貸,1,専門職,1,無,外国人労働者,不良顧客
口座未開設,30,問題履歴あり,テレビ,2831,100マルク未満,1年以上4年未満,4,結婚歴あり女性,なし,2,車・その他,33,なし,自己所有,1,専門職,1,有,外国人労働者,優良顧客
200マルク以上,24,延滞なし,テレビ,1258,500以上1000マルク未満,1年以上4年未満,3,結婚歴あり女性,なし,3,車・その他,57,なし,自己所有,1,非専門職,1,無,外国人労働者,優良顧客
200マルク未満,6,延滞なし,テレビ,753,100マルク未満,1年以上4年未満,2,結婚歴あり女性,保証人あり,3,不動産,64,なし,自己所有,1,専門職,1,無,外国人労働者,優良顧客
200マルク未満,18,延滞あり,ビジネス,2427,不明・未開設,7年以上,4,独身男性,なし,2,生命保険,42,なし,自己所有,2,専門職,1,無,外国人労働者,優良顧客
口座未開設,24,延滞あり,新車,2538,100マルク未満,7年以上,4,独身男性,なし,4,車・その他,47,なし,自己所有,2,非専門職,2,無,外国人労働者,不良顧客
200マルク未満,15,すべて延滞なし,新車,1264,100以上500マルク未満,1年以上4年未満,2,既婚男性,なし,2,生命保険,25,なし,賃貸,1,専門職,1,無,外国人労働者,不良顧客
200マルク未満,30,問題履歴あり,家具類,8386,100マルク未満,4年以上7年未満,2,独身男性,なし,2,生命保険,49,なし,自己所有,1,専門職,1,無,外国人労働者,不良顧客
口座未開設,48,延滞なし,ビジネス,4844,100マルク未満,未就労,3,独身男性,なし,2,車・その他,33,銀行,賃貸,1,管理職・自営業者,1,有,外国人労働者,不良顧客
200マルク以上,21,延滞なし,新車,2923,100以上500マルク未満,1年以上4年未満,1,結婚歴あり女性,なし,1,車・その他,28,銀行,自己所有,1,管理職・自営業者,1,有,外国人労働者,優良顧客
0マルク未満,36,延滞なし,中古車,8229,100マルク未満,1年以上4年未満,2,独身男性,なし,2,生命保険,26,なし,自己所有,1,専門職,2,無,外国人労働者,不良顧客
口座未開設,24,問題履歴あり,家具類,2028,100マルク未満,4年以上7年未満,2,独身男性,なし,2,生命保険,30,なし,自己所有,2,非専門職,1,無,外国人労働者,優良顧客
0マルク未満,15,問題履歴あり,家具類,1433,100マルク未満,1年以上4年未満,4,結婚歴あり女性,なし,3,生命保険,25,なし,賃貸,2,専門職,1,無,外国人労働者,優良顧客
200マルク以上,42,利用歴なし,ビジネス,6289,100マルク未満,1年未満,2,離婚歴あり男性,なし,1,生命保険,33,なし,自己所有,2,専門職,1,無,外国人労働者,優良顧客
口座未開設,13,延滞なし,テレビ,1409,100以上500マルク未満,未就労,2,結婚歴あり女性,なし,4,不動産,64,なし,自己所有,1,専門職,1,無,外国人労働者,優良顧客
0マルク未満,24,延滞なし,中古車,6579,100マルク未満,未就労,4,独身男性,なし,2,不明・資産なし,29,なし,無料物件,1,管理職・自営業者,1,有,外国人労働者,優良顧客
200マルク未満,24,問題履歴あり,テレビ,1743,100マルク未満,7年以上,4,独身男性,なし,2,生命保険,48,なし,自己所有,2,非専門職,1,無,外国人労働者,優良顧客
口座未開設,12,問題履歴あり,教育費,3565,不明・未開設,1年未満,2,独身男性,なし,1,生命保険,37,なし,自己所有,2,非専門職,2,無,外国人労働者,優良顧客
口座未開設,15,すべて延滞なし,テレビ,1569,100以上500マルク未満,7年以上,4,独身男性,なし,4,車・その他,34,銀行,自己所有,1,非専門職,2,無,外国人労働者,優良顧客
0マルク未満,18,延滞なし,テレビ,1936,不明・未開設,4年以上7年未満,2,既婚男性,なし,4,車・その他,23,なし,賃貸,2,非専門職,1,無,外国人労働者,優良顧客
0マルク未満,36,延滞なし,家具類,3959,100マルク未満,未就労,4,独身男性,なし,3,生命保険,30,なし,自己所有,1,管理職・自営業者,1,有,外国人労働者,優良顧客
口座未開設,12,延滞なし,新車,2390,不明・未開設,7年以上,4,独身男性,なし,3,車・その他,50,なし,自己所有,1,専門職,1,有,外国人労働者,優良顧客
口座未開設,12,延滞なし,家具類,1736,100マルク未満,4年以上7年未満,3,結婚歴あり女性,なし,4,不動産,31,なし,自己所有,1,非専門職,1,無,外国人労働者,優良顧客
0マルク未満,30,延滞なし,中古車,3857,100マルク未満,1年以上4年未満,4,離婚歴あり男性,なし,4,生命保険,40,なし,自己所有,1,管理職・自営業者,1,有,外国人労働者,優良顧客
口座未開設,12,延滞なし,テレビ,804,100マルク未満,7年以上,4,独身男性,なし,4,車・その他,38,なし,自己所有,1,専門職,1,無,外国人労働者,優良顧客
0マルク未満,45,延滞なし,テレビ,1845,100マルク未満,1年以上4年未満,4,独身男性,なし,4,不明・資産なし,23,なし,無料物件,1,専門職,1,有,外国人労働者,不良顧客
200マルク未満,45,問題履歴あり,中古車,4576,100以上500マルク未満,未就労,3,独身男性,なし,4,車・その他,27,なし,自己所有,1,専門職,1,無,外国人労働者,優良顧客